Data,Atendimentos diários,Ouvidorias,Controle,Ouvidorias L1,Ouvidorias L2,Ouvidorias L3,Ouvidorias L4,Controle L1,Ouvidorias demais níveis,Controle demais níveis
01/09/2022,565,14,"2,48%",0,1,0,3,"0,00%",14,"2,48%"
02/09/2022,394,11,"2,79%",0,0,0,1,"0,00%",11,"2,79%"
03/09/2022,100,2,"2,00%",0,0,0,0,"0,00%",2,"2,00%"
04/09/2022,68,1,"1,47%",0,0,0,0,"0,00%",1,"1,47%"
05/09/2022,463,17,"3,67%",0,1,2,2,"0,00%",17,"3,67%"
06/09/2022,457,13,"2,84%",0,0,0,2,"0,00%",13,"2,84%"
07/09/2022,99,1,"1,01%",0,0,0,0,"0,00%",1,"1,01%"
08/09/2022,330,9,"2,73%",0,0,0,2,"0,00%",9,"2,73%"
09/09/2022,372,10,"2,69%",0,0,0,2,"0,00%",10,"2,69%"
10/09/2022,74,1,"1,35%",0,0,0,1,"0,00%",1,"1,35%"
11/09/2022,56,0,"0,00%",0,0,0,0,"0,00%",0,"0,00%"
12/09/2022,425,16,"3,76%",0,2,1,3,"0,00%",16,"3,76%"
13/09/2022,463,19,"4,10%",0,1,4,0,"0,00%",19,"4,10%"
14/09/2022,387,16,"4,13%",0,1,0,3,"0,00%",16,"4,13%"
15/09/2022,428,17,"3,97%",1,0,1,1,"0,23%",16,"3,74%"
16/09/2022,338,14,"4,14%",0,1,1,0,"0,00%",14,"4,14%"
17/09/2022,60,0,"0,00%",0,0,0,0,"0,00%",0,"0,00%"
18/09/2022,36,1,"2,78%",0,0,0,0,"0,00%",1,"2,78%"
19/09/2022,402,6,"1,49%",0,0,1,0,"0,00%",6,"1,49%"
20/09/2022,323,11,"3,41%",0,0,1,1,"0,00%",11,"3,41%"
21/09/2022,358,10,"2,79%",0,0,1,1,"0,00%",10,"2,79%"
22/09/2022,370,13,"3,51%",0,0,1,1,"0,00%",13,"3,51%"
23/09/2022,262,9,"3,44%",0,0,1,0,"0,00%",9,"3,44%"
24/09/2022,45,1,"2,22%",0,0,0,0,"0,00%",1,"2,22%"
25/09/2022,40,1,"2,50%",0,0,0,1,"0,00%",1,"2,50%"
26/09/2022,436,9,"2,06%",1,0,3,0,"0,23%",8,"1,83%"
27/09/2022,440,14,"3,18%",0,0,0,2,"0,00%",14,"3,18%"
28/09/2022,342,12,"3,51%",0,0,2,4,"0,00%",12,"3,51%"
29/09/2022,379,18,"4,75%",0,0,3,1,"0,00%",18,"4,75%"
30/09/2022,275,10,"3,64%",0,1,0,1,"0,00%",10,"3,64%"
01/10/2022,56,4,"7,14%",0,0,0,0,"0,00%",4,"7,14%"
02/10/2022,24,0,"0,00%",0,0,0,0,"0,00%",0,"0,00%"
03/10/2022,524,17,"3,24%",0,0,1,6,"0,00%",17,"3,24%"
04/10/2022,472,10,"2,12%",0,0,0,2,"0,00%",10,"2,12%"
05/10/2022,452,10,"2,21%",0,0,0,1,"0,00%",10,"2,21%"
06/10/2022,515,12,"2,33%",0,0,2,2,"0,00%",12,"2,33%"
07/10/2022,425,12,"2,82%",0,0,3,0,"0,00%",12,"2,82%"
08/10/2022,66,2,"3,03%",0,0,0,0,"0,00%",2,"3,03%"
09/10/2022,40,2,"5,00%",0,0,0,1,"0,00%",2,"5,00%"
10/10/2022,532,18,"3,38%",0,0,2,1,"0,00%",18,"3,38%"
11/10/2022,323,5,"1,55%",0,0,0,1,"0,00%",5,"1,55%"
12/10/2022,68,1,"1,47%",0,0,0,0,"0,00%",1,"1,47%"
13/10/2022,487,18,"3,70%",0,1,1,0,"0,00%",18,"3,70%"
14/10/2022,466,16,"3,43%",0,0,0,6,"0,00%",16,"3,43%"
15/10/2022,107,3,"2,80%",0,0,0,0,"0,00%",3,"2,80%"
16/10/2022,78,0,"0,00%",0,0,0,0,"0,00%",0,"0,00%"
17/10/2022,723,21,"2,90%",0,0,2,1,"0,00%",21,"2,90%"
18/10/2022,558,13,"2,33%",0,1,3,1,"0,00%",13,"2,33%"
19/10/2022,460,12,"2,61%",0,0,2,2,"0,00%",12,"2,61%"
20/10/2022,397,17,"4,28%",1,0,0,3,"0,25%",16,"4,03%"
21/10/2022,254,5,"1,97%",0,0,2,1,"0,00%",5,"1,97%"
22/10/2022,64,0,"0,00%",0,0,0,0,"0,00%",0,"0,00%"
23/10/2022,39,1,"2,56%",0,0,0,0,"0,00%",1,"2,56%"
24/10/2022,385,18,"4,68%",1,0,1,4,"0,26%",17,"4,42%"
25/10/2022,325,15,"4,62%",0,0,0,3,"0,00%",15,"4,62%"
26/10/2022,324,15,"4,63%",0,0,1,4,"0,00%",15,"4,63%"
27/10/2022,272,6,"2,21%",0,0,1,1,"0,00%",6,"2,21%"
28/10/2022,276,16,"5,80%",0,0,2,5,"0,00%",16,"5,80%"
29/10/2022,59,1,"1,69%",0,0,0,0,"0,00%",1,"1,69%"
30/10/2022,19,0,"0,00%",0,0,0,0,"0,00%",0,"0,00%"
31/10/2022,514,17,"3,31%",0,0,1,0,"0,00%",17,"3,31%"
01/11/2022,497,9,"1,81%",1,0,1,0,"0,20%",8,"1,61%"
02/11/2022,118,0,"0,00%",0,0,0,0,"0,00%",0,"0,00%"
03/11/2022,524,25,"4,77%",1,3,1,1,"0,19%",24,"4,58%"
04/11/2022,624,16,"2,56%",0,1,1,2,"0,00%",16,"2,56%"
05/11/2022,141,2,"1,42%",0,0,0,0,"0,00%",2,"1,42%"
06/11/2022,116,0,"0,00%",0,0,0,0,"0,00%",0,"0,00%"
07/11/2022,553,10,"1,81%",0,0,0,2,"0,00%",10,"1,81%"
08/11/2022,378,8,"2,12%",0,0,0,2,"0,00%",8,"2,12%"
09/11/2022,476,9,"1,89%",0,0,0,2,"0,00%",9,"1,89%"
10/11/2022,328,15,"4,57%",0,0,0,2,"0,00%",15,"4,57%"
11/11/2022,273,10,"3,66%",0,1,1,1,"0,00%",10,"3,66%"
12/11/2022,78,2,"2,56%",0,0,0,1,"0,00%",2,"2,56%"
13/11/2022,38,1,"2,63%",0,0,0,0,"0,00%",1,"2,63%"
14/11/2022,258,8,"3,10%",0,0,1,1,"0,00%",8,"3,10%"
15/11/2022,86,0,"0,00%",0,0,0,0,"0,00%",0,"0,00%"
16/11/2022,347,7,"2,02%",0,1,0,1,"0,00%",7,"2,02%"
17/11/2022,374,10,"2,67%",0,0,1,1,"0,00%",10,"2,67%"
18/11/2022,235,7,"2,98%",0,1,0,0,"0,00%",7,"2,98%"
19/11/2022,54,3,"5,56%",0,0,0,0,"0,00%",3,"5,56%"
20/11/2022,50,1,"2,00%",0,0,0,0,"0,00%",1,"2,00%"
21/11/2022,577,7,"1,21%",0,1,0,0,"0,00%",7,"1,21%"
22/11/2022,315,8,"2,54%",0,0,0,1,"0,00%",8,"2,54%"
23/11/2022,314,11,"3,50%",0,1,0,0,"0,00%",11,"3,50%"
24/11/2022,204,3,"1,47%",0,0,1,0,"0,00%",3,"1,47%"
25/11/2022,227,8,"3,52%",0,0,0,3,"0,00%",8,"3,52%"
26/11/2022,73,2,"2,74%",0,0,0,0,"0,00%",2,"2,74%"
27/11/2022,54,0,"0,00%",0,0,0,0,"0,00%",0,"0,00%"
28/11/2022,279,7,"2,51%",0,0,0,0,"0,00%",7,"2,51%"
29/11/2022,274,11,"4,01%",1,0,1,3,"0,36%",10,"3,65%"
30/11/2022,280,8,"2,86%",0,0,0,2,"0,00%",8,"2,86%"
01/12/2022,438,5,"1,14%",0,0,0,1,"0,00%",5,"1,14%"
02/12/2022,379,6,"1,58%",0,0,0,0,"0,00%",6,"1,58%"
03/12/2022,120,1,"0,83%",0,0,0,0,"0,00%",1,"0,83%"
04/12/2022,91,1,"1,10%",0,0,0,1,"0,00%",1,"1,10%"
05/12/2022,506,11,"2,17%",0,0,0,0,"0,00%",11,"2,17%"
06/12/2022,409,6,"1,47%",0,0,2,1,"0,00%",6,"1,47%"
07/12/2022,479,9,"1,88%",0,0,0,0,"0,00%",9,"1,88%"
08/12/2022,319,11,"3,45%",0,0,0,3,"0,00%",11,"3,45%"
09/12/2022,265,5,"1,89%",1,0,0,0,"0,38%",4,"1,51%"
10/12/2022,100,1,"1,00%",0,0,0,0,"0,00%",1,"1,00%"
11/12/2022,48,1,"2,08%",0,0,0,0,"0,00%",1,"2,08%"
12/12/2022,471,8,"1,70%",0,0,0,1,"0,00%",8,"1,70%"
13/12/2022,354,8,"2,26%",0,0,0,4,"0,00%",8,"2,26%"
14/12/2022,343,6,"1,75%",0,0,0,0,"0,00%",6,"1,75%"
15/12/2022,583,12,"2,06%",0,0,0,1,"0,00%",12,"2,06%"
16/12/2022,722,10,"1,39%",0,0,1,1,"0,00%",10,"1,39%"
17/12/2022,74,0,"0,00%",0,0,0,0,"0,00%",0,"0,00%"
18/12/2022,53,0,"0,00%",0,0,0,0,"0,00%",0,"0,00%"
19/12/2022,410,9,"2,20%",0,0,0,1,"0,00%",9,"2,20%"
20/12/2022,362,10,"2,76%",0,0,1,1,"0,00%",10,"2,76%"
21/12/2022,270,7,"2,59%",0,0,0,4,"0,00%",7,"2,59%"
22/12/2022,207,3,"1,45%",0,0,0,0,"0,00%",3,"1,45%"
23/12/2022,176,1,"0,57%",0,0,0,0,"0,00%",1,"0,57%"
24/12/2022,40,0,"0,00%",0,0,0,0,"0,00%",0,"0,00%"
25/12/2022,14,0,"0,00%",0,0,0,0,"0,00%",0,"0,00%"
26/12/2022,435,6,"1,38%",0,0,0,1,"0,00%",6,"1,38%"
27/12/2022,281,4,"1,42%",0,0,0,1,"0,00%",4,"1,42%"
28/12/2022,223,3,"1,35%",0,0,1,1,"0,00%",3,"1,35%"
29/12/2022,221,4,"1,81%",0,0,0,0,"0,00%",4,"1,81%"
30/12/2022,128,2,"1,56%",0,0,0,0,"0,00%",2,"1,56%"
31/12/2022,205,0,"0,00%",0,0,0,0,"0,00%",0,"0,00%"
01/01/2023,295,2,"0,68%",0,0,0,0,"0,00%",2,"0,68%"
02/01/2023,1.887,20,"1,06%",0,1,1,0,"0,00%",20,"1,06%"
03/01/2023,906,19,"2,10%",0,0,1,1,"0,00%",19,"2,10%"
04/01/2023,564,12,"2,13%",0,0,1,1,"0,00%",12,"2,13%"
05/01/2023,533,6,"1,13%",0,0,1,0,"0,00%",6,"1,13%"
06/01/2023,392,6,"1,53%",0,0,0,0,"0,00%",6,"1,53%"
07/01/2023,79,0,"0,00%",0,0,0,0,"0,00%",0,"0,00%"
08/01/2023,57,0,"0,00%",0,0,0,0,"0,00%",0,"0,00%"
09/01/2023,573,8,"1,40%",0,0,1,1,"0,00%",8,"1,40%"
10/01/2023,711,8,"1,13%",0,0,0,3,"0,00%",8,"1,13%"
11/01/2023,758,8,"1,06%",0,0,0,0,"0,00%",8,"1,06%"
12/01/2023,614,10,"1,63%",0,0,1,2,"0,00%",10,"1,63%"
13/01/2023,452,7,"1,55%",0,0,0,0,"0,00%",7,"1,55%"
14/01/2023,203,1,"0,49%",0,0,0,0,"0,00%",1,"0,49%"
15/01/2023,181,0,"0,00%",0,0,0,0,"0,00%",0,"0,00%"
16/01/2023,907,7,"0,77%",1,0,0,0,"0,11%",6,"0,66%"
17/01/2023,922,9,"0,98%",0,0,0,0,"0,00%",9,"0,98%"
18/01/2023,1.082,8,"0,74%",1,0,0,2,"0,09%",7,"0,65%"
19/01/2023,1.401,8,"0,57%",0,0,1,1,"0,00%",8,"0,57%"
20/01/2023,1.047,8,"0,76%",1,0,2,0,"0,10%",7,"0,67%"
21/01/2023,311,1,"0,32%",0,1,0,0,"0,00%",1,"0,32%"
22/01/2023,130,2,"1,54%",0,0,0,0,"0,00%",2,"1,54%"
23/01/2023,1.209,6,"0,50%",0,0,1,2,"0,00%",6,"0,50%"
24/01/2023,1.169,7,"0,60%",0,0,0,0,"0,00%",7,"0,60%"
25/01/2023,1.011,9,"0,89%",0,0,0,1,"0,00%",9,"0,89%"
26/01/2023,1.144,9,"0,79%",0,0,2,2,"0,00%",9,"0,79%"
27/01/2023,955,5,"0,52%",0,0,1,0,"0,00%",5,"0,52%"
28/01/2023,248,0,"0,00%",0,0,0,0,"0,00%",0,"0,00%"
29/01/2023,136,1,"0,74%",0,0,0,0,"0,00%",1,"0,74%"
30/01/2023,1.424,11,"0,77%",0,0,2,1,"0,00%",11,"0,77%"
31/01/2023,1.230,10,"0,81%",0,0,2,1,"0,00%",10,"0,81%"
01/02/2023,1.667,6,"0,36%",1,0,1,1,"0,06%",5,"0,30%"
02/02/2023,1.547,8,"0,52%",1,0,2,0,"0,06%",7,"0,45%"
03/02/2023,1.168,11,"0,94%",0,0,2,2,"0,00%",11,"0,94%"
04/02/2023,690,1,"0,14%",0,0,0,0,"0,00%",1,"0,14%"
05/02/2023,174,1,"0,57%",0,0,0,0,"0,00%",1,"0,57%"
06/02/2023,1.393,10,"0,72%",0,0,3,2,"0,00%",10,"0,72%"
07/02/2023,1.211,11,"0,91%",1,0,1,1,"0,08%",10,"0,83%"
08/02/2023,1.278,10,"0,78%",0,1,2,2,"0,00%",10,"0,78%"
09/02/2023,1.141,8,"0,70%",0,0,3,1,"0,00%",8,"0,70%"
10/02/2023,1.089,8,"0,73%",0,1,0,1,"0,00%",8,"0,73%"
11/02/2023,220,3,"1,36%",0,0,0,1,"0,00%",3,"1,36%"
12/02/2023,136,3,"2,21%",0,0,1,0,"0,00%",3,"2,21%"
13/02/2023,3.938,12,"0,30%",0,0,0,0,"0,00%",12,"0,30%"
14/02/2023,1.353,13,"0,96%",0,0,2,2,"0,00%",13,"0,96%"
15/02/2023,1.223,12,"0,98%",0,0,1,2,"0,00%",12,"0,98%"
16/02/2023,1.109,16,"1,44%",0,1,1,2,"0,00%",16,"1,44%"
17/02/2023,944,13,"1,38%",0,0,0,2,"0,00%",13,"1,38%"
18/02/2023,207,1,"0,48%",0,0,0,0,"0,00%",1,"0,48%"
19/02/2023,104,0,"0,00%",0,0,0,0,"0,00%",0,"0,00%"
20/02/2023,574,8,"1,39%",0,0,0,0,"0,00%",8,"1,39%"
21/02/2023,297,4,"1,35%",0,0,1,0,"0,00%",4,"1,35%"
22/02/2023,1.110,9,"0,81%",0,0,1,1,"0,00%",9,"0,81%"
23/02/2023,1.376,8,"0,58%",0,0,1,1,"0,00%",8,"0,58%"
24/02/2023,1.320,9,"0,68%",0,0,0,0,"0,00%",9,"0,68%"
25/02/2023,252,3,"1,19%",0,0,0,2,"0,00%",3,"1,19%"
26/02/2023,157,0,"0,00%",0,0,0,0,"0,00%",0,"0,00%"
27/02/2023,1.271,12,"0,94%",0,0,2,0,"0,00%",12,"0,94%"
28/02/2023,1.420,11,"0,77%",0,2,1,2,"0,00%",11,"0,77%"
01/03/2023,1.732,12,"0,69%",0,0,0,2,"0,00%",12,"0,69%"
02/03/2023,1.683,10,"0,59%",0,2,1,1,"0,00%",10,"0,59%"
03/03/2023,1.354,16,"1,18%",0,0,0,1,"0,00%",16,"1,18%"
04/03/2023,240,2,"0,83%",0,0,0,0,"0,00%",2,"0,83%"
05/03/2023,150,0,"0,00%",0,0,0,0,"0,00%",0,"0,00%"
06/03/2023,1.521,14,"0,92%",0,0,0,2,"0,00%",14,"0,92%"
07/03/2023,1.333,18,"1,35%",0,2,1,1,"0,00%",18,"1,35%"
08/03/2023,1.480,8,"0,54%",1,0,0,0,"0,07%",7,"0,47%"
09/03/2023,1.188,13,"1,09%",0,1,1,1,"0,00%",13,"1,09%"
10/03/2023,992,8,"0,81%",0,0,1,1,"0,00%",8,"0,81%"
11/03/2023,224,1,"0,45%",0,0,0,1,"0,00%",1,"0,45%"
12/03/2023,129,1,"0,78%",0,0,0,0,"0,00%",1,"0,78%"
13/03/2023,1.380,11,"0,80%",0,0,0,0,"0,00%",11,"0,80%"
14/03/2023,1.411,9,"0,64%",0,1,0,1,"0,00%",9,"0,64%"
15/03/2023,1.240,6,"0,48%",0,0,0,1,"0,00%",6,"0,48%"
16/03/2023,1.099,14,"1,27%",1,0,0,2,"0,09%",13,"1,18%"
17/03/2023,1.067,11,"1,03%",0,1,2,1,"0,00%",11,"1,03%"
18/03/2023,233,0,"0,00%",0,0,0,0,"0,00%",0,"0,00%"
19/03/2023,134,1,"0,75%",1,0,0,0,"0,75%",0,"0,00%"
20/03/2023,1.259,4,"0,32%",0,0,1,1,"0,00%",4,"0,32%"
21/03/2023,1.223,8,"0,65%",0,0,0,1,"0,00%",8,"0,65%"
22/03/2023,1.196,8,"0,67%",0,0,0,4,"0,00%",8,"0,67%"
23/03/2023,1.042,7,"0,67%",0,0,2,1,"0,00%",7,"0,67%"
24/03/2023,939,9,"0,96%",0,0,1,1,"0,00%",9,"0,96%"
25/03/2023,210,1,"0,48%",0,0,0,0,"0,00%",1,"0,48%"
26/03/2023,105,1,"0,95%",0,0,0,0,"0,00%",1,"0,95%"
27/03/2023,1.172,12,"1,02%",1,0,2,0,"0,09%",11,"0,94%"
28/03/2023,1.133,5,"0,44%",0,0,0,1,"0,00%",5,"0,44%"
29/03/2023,1.186,10,"0,84%",0,0,1,2,"0,00%",10,"0,84%"
30/03/2023,1.155,12,"1,04%",1,0,2,2,"0,09%",11,"0,95%"
31/03/2023,960,6,"0,63%",0,0,0,1,"0,00%",6,"0,63%"
01/04/2023,221,2,"0,90%",0,0,0,0,"0,00%",2,"0,90%"
02/04/2023,169,1,"0,59%",0,0,0,0,"0,00%",1,"0,59%"
03/04/2023,1.294,10,"0,77%",0,0,0,3,"0,00%",10,"0,77%"
04/04/2023,1.228,9,"0,73%",0,1,1,0,"0,00%",9,"0,73%"
05/04/2023,1.274,9,"0,71%",0,0,0,0,"0,00%",9,"0,71%"
06/04/2023,1.038,15,"1,45%",0,2,0,4,"0,00%",15,"1,45%"
07/04/2023,202,3,"1,49%",0,0,0,0,"0,00%",3,"1,49%"
08/04/2023,180,2,"1,11%",0,0,0,0,"0,00%",2,"1,11%"
09/04/2023,127,0,"0,00%",0,0,0,0,"0,00%",0,"0,00%"
10/04/2023,1.260,12,"0,95%",0,0,0,2,"0,00%",12,"0,95%"
11/04/2023,1.280,18,"1,41%",1,1,0,3,"0,08%",17,"1,33%"
12/04/2023,1.216,11,"0,90%",0,0,0,1,"0,00%",11,"0,90%"
13/04/2023,1.301,10,"0,77%",0,0,0,2,"0,00%",10,"0,77%"
14/04/2023,936,13,"1,39%",1,1,0,2,"0,11%",12,"1,28%"
15/04/2023,241,2,"0,83%",0,0,0,0,"0,00%",2,"0,83%"
16/04/2023,168,0,"0,00%",0,0,0,0,"0,00%",0,"0,00%"
17/04/2023,1.515,9,"0,59%",0,1,0,0,"0,00%",9,"0,59%"
18/04/2023,1.491,14,"0,94%",0,0,0,5,"0,00%",14,"0,94%"
19/04/2023,1.179,13,"1,10%",0,1,2,3,"0,00%",13,"1,10%"
20/04/2023,866,11,"1,27%",0,0,2,3,"0,00%",11,"1,27%"
21/04/2023,172,4,"2,33%",1,0,0,0,"0,58%",3,"1,74%"
22/04/2023,202,1,"0,50%",0,1,0,0,"0,00%",1,"0,50%"
23/04/2023,143,0,"0,00%",0,0,0,0,"0,00%",0,"0,00%"
24/04/2023,1.035,11,"1,06%",0,1,1,4,"0,00%",11,"1,06%"
25/04/2023,1.097,9,"0,82%",0,0,2,1,"0,00%",9,"0,82%"
26/04/2023,1.200,9,"0,75%",0,0,1,0,"0,00%",9,"0,75%"
27/04/2023,1.175,11,"0,94%",0,0,0,0,"0,00%",11,"0,94%"
28/04/2023,969,4,"0,41%",0,0,0,1,"0,00%",4,"0,41%"
29/04/2023,267,1,"0,37%",0,0,0,0,"0,00%",1,"0,37%"
30/04/2023,122,0,"0,00%",0,0,0,0,"0,00%",0,"0,00%"
01/05/2023,284,2,"0,70%",2,0,0,0,"0,70%",0,"0,00%"
02/05/2023,1.353,8,"0,59%",0,0,1,0,"0,00%",8,"0,59%"
03/05/2023,2.054,15,"0,73%",0,0,1,4,"0,00%",15,"0,73%"
04/05/2023,1.481,18,"1,22%",0,1,1,3,"0,00%",18,"1,22%"
05/05/2023,1.221,10,"0,82%",0,0,0,0,"0,00%",10,"0,82%"
06/05/2023,281,3,"1,07%",0,0,0,1,"0,00%",3,"1,07%"
07/05/2023,187,0,"0,00%",0,0,0,0,"0,00%",0,"0,00%"
08/05/2023,1.384,14,"1,01%",1,0,1,1,"0,07%",13,"0,94%"
09/05/2023,1.271,12,"0,94%",0,1,0,3,"0,00%",12,"0,94%"
10/05/2023,1.337,12,"0,90%",0,0,1,1,"0,00%",12,"0,90%"
11/05/2023,1.239,10,"0,81%",0,1,0,1,"0,00%",10,"0,81%"
12/05/2023,1.173,12,"1,02%",0,0,0,0,"0,00%",12,"1,02%"
13/05/2023,203,3,"1,48%",1,0,1,0,"0,49%",2,"0,99%"
14/05/2023,93,0,"0,00%",0,0,0,0,"0,00%",0,"0,00%"
15/05/2023,1.488,10,"0,67%",5,1,0,4,"0,34%",5,"0,34%"
16/05/2023,2.701,23,"0,85%",12,5,2,4,"0,44%",11,"0,41%"
17/05/2023,1.419,13,"0,92%",6,5,2,0,"0,42%",7,"0,49%"
18/05/2023,1.098,12,"1,09%",2,5,3,2,"0,18%",10,"0,91%"
19/05/2023,888,10,"1,13%",6,2,1,1,"0,68%",4,"0,45%"
20/05/2023,282,0,"0,00%",0,0,0,0,"0,00%",0,"0,00%"
21/05/2023,140,3,"2,14%",2,0,1,0,"1,43%",1,"0,71%"
22/05/2023,1.100,4,"0,36%",2,1,1,0,"0,18%",2,"0,18%"
23/05/2023,1.084,9,"0,83%",5,4,0,0,"0,46%",4,"0,37%"
24/05/2023,1.155,15,"1,30%",7,3,3,2,"0,61%",8,"0,69%"
25/05/2023,1.454,12,"0,83%",8,0,2,2,"0,55%",4,"0,28%"
26/05/2023,865,10,"1,16%",6,3,1,0,"0,69%",4,"0,46%"
27/05/2023,215,1,"0,47%",1,0,0,0,"0,47%",0,"0,00%"
28/05/2023,143,0,"0,00%",0,0,0,0,"0,00%",0,"0,00%"
29/05/2023,1.137,13,"1,14%",4,2,1,6,"0,35%",9,"0,79%"
30/05/2023,974,8,"0,82%",4,2,1,1,"0,41%",4,"0,41%"
31/05/2023,1.128,15,"1,33%",10,2,1,2,"0,89%",5,"0,44%"
01/06/2023,1.516,10,"0,66%",6,3,0,1,"0,40%",4,"0,26%"
02/06/2023,1.175,10,"0,85%",5,1,1,3,"0,43%",5,"0,43%"
03/06/2023,262,3,"1,15%",2,1,0,0,"0,76%",1,"0,38%"
04/06/2023,172,0,"0,00%",0,0,0,0,"0,00%",0,"0,00%"
05/06/2023,1.366,11,"0,81%",5,5,0,1,"0,37%",6,"0,44%"
06/06/2023,1.207,14,"1,16%",10,1,2,1,"0,83%",4,"0,33%"
07/06/2023,1.048,12,"1,15%",8,2,0,2,"0,76%",4,"0,38%"
08/06/2023,288,2,"0,69%",2,0,0,0,"0,69%",0,"0,00%"
09/06/2023,808,4,"0,50%",4,0,0,0,"0,50%",0,"0,00%"
10/06/2023,221,1,"0,45%",1,0,0,0,"0,45%",0,"0,00%"
11/06/2023,163,1,"0,61%",1,0,0,0,"0,61%",0,"0,00%"
12/06/2023,1.111,9,"0,81%",5,2,1,1,"0,45%",4,"0,36%"
13/06/2023,1.208,3,"0,25%",1,1,0,1,"0,08%",2,"0,17%"
14/06/2023,1.265,20,"1,58%",11,3,4,2,"0,87%",9,"0,71%"
15/06/2023,1.137,9,"0,79%",5,1,2,1,"0,44%",4,"0,35%"
16/06/2023,868,8,"0,92%",3,4,1,0,"0,35%",5,"0,58%"
17/06/2023,204,1,"0,49%",0,1,0,0,"0,00%",1,"0,49%"
18/06/2023,144,0,"0,00%",0,0,0,0,"0,00%",0,"0,00%"
19/06/2023,1.227,17,"1,39%",9,5,2,1,"0,73%",8,"0,65%"
20/06/2023,1.173,17,"1,45%",8,9,0,0,"0,68%",9,"0,77%"
21/06/2023,1.163,17,"1,46%",9,4,4,0,"0,77%",8,"0,69%"
22/06/2023,1.113,10,"0,90%",4,3,3,0,"0,36%",6,"0,54%"
23/06/2023,956,13,"1,36%",11,2,0,0,"1,15%",2,"0,21%"
24/06/2023,186,4,"2,15%",2,0,2,0,"1,08%",2,"1,08%"
25/06/2023,117,0,"0,00%",0,0,0,0,"0,00%",0,"0,00%"
26/06/2023,1.250,7,"0,56%",6,1,0,0,"0,48%",1,"0,08%"
27/06/2023,1.197,16,"1,34%",12,3,1,0,"1,00%",4,"0,33%"
28/06/2023,1.170,5,"0,43%",1,3,1,0,"0,09%",4,"0,34%"
29/06/2023,1.144,11,"0,96%",9,0,1,1,"0,79%",2,"0,17%"
30/06/2023,868,5,"0,58%",2,1,2,0,"0,23%",3,"0,35%"
01/07/2023,250,0,"0,00%",0,0,0,0,"0,00%",0,"0,00%"
02/07/2023,157,1,"0,64%",0,1,0,0,"0,00%",1,"0,64%"
03/07/2023,1.787,8,"0,45%",6,2,0,0,"0,34%",2,"0,11%"
04/07/2023,1.484,5,"0,34%",1,2,0,2,"0,07%",4,"0,27%"
05/07/2023,1.758,9,"0,51%",7,1,0,1,"0,40%",2,"0,11%"
06/07/2023,1.510,15,"0,99%",8,5,2,0,"0,53%",7,"0,46%"
07/07/2023,1.102,11,"1,00%",9,1,1,0,"0,82%",2,"0,18%"
08/07/2023,261,2,"0,77%",2,0,0,0,"0,77%",0,"0,00%"
09/07/2023,173,0,"0,00%",0,0,0,0,"0,00%",0,"0,00%"
10/07/2023,1.323,16,"1,21%",7,3,4,2,"0,53%",9,"0,68%"
11/07/2023,1.347,13,"0,97%",5,2,2,4,"0,37%",8,"0,59%"
12/07/2023,1.265,18,"1,42%",10,6,0,2,"0,79%",8,"0,63%"
13/07/2023,1.303,10,"0,77%",3,4,0,3,"0,23%",7,"0,54%"
14/07/2023,1.288,17,"1,32%",9,6,1,1,"0,70%",8,"0,62%"
15/07/2023,209,1,"0,48%",0,1,0,0,"0,00%",1,"0,48%"
16/07/2023,117,0,"0,00%",0,0,0,0,"0,00%",0,"0,00%"
17/07/2023,1.290,10,"0,78%",6,1,3,0,"0,47%",4,"0,31%"
18/07/2023,1.110,5,"0,45%",2,1,1,1,"0,18%",3,"0,27%"
19/07/2023,1.118,7,"0,63%",2,5,0,0,"0,18%",5,"0,45%"
20/07/2023,1.117,7,"0,63%",1,5,1,0,"0,09%",6,"0,54%"
21/07/2023,863,7,"0,81%",2,3,2,0,"0,23%",5,"0,58%"
22/07/2023,189,0,"0,00%",0,0,0,0,"0,00%",0,"0,00%"
23/07/2023,115,0,"0,00%",0,0,0,0,"0,00%",0,"0,00%"
24/07/2023,1.202,15,"1,25%",10,3,1,1,"0,83%",5,"0,42%"
25/07/2023,1.150,13,"1,13%",9,2,2,0,"0,78%",4,"0,35%"
26/07/2023,1.166,15,"1,29%",12,3,0,0,"1,03%",3,"0,26%"
27/07/2023,1.150,5,"0,43%",3,2,0,0,"0,26%",2,"0,17%"
28/07/2023,958,6,"0,63%",3,2,1,0,"0,31%",3,"0,31%"
29/07/2023,229,0,"0,00%",0,0,0,0,"0,00%",0,"0,00%"
30/07/2023,132,0,"0,00%",0,0,0,0,"0,00%",0,"0,00%"
31/07/2023,1.151,11,"0,96%",7,2,2,0,"0,61%",4,"0,35%"
01/08/2023,1.344,9,"0,67%",6,2,1,0,"0,45%",3,"0,22%"
02/08/2023,1.636,11,"0,67%",8,1,1,1,"0,49%",3,"0,18%"
03/08/2023,1.507,14,"0,93%",7,5,1,1,"0,46%",7,"0,46%"
04/08/2023,1.178,9,"0,76%",8,1,0,0,"0,68%",1,"0,08%"
05/08/2023,255,0,"0,00%",0,0,0,0,"0,00%",0,"0,00%"
06/08/2023,179,2,"1,12%",2,0,0,0,"1,12%",0,"0,00%"
07/08/2023,1.671,12,"0,72%",9,1,1,1,"0,54%",3,"0,18%"
08/08/2023,1.257,15,"1,19%",10,1,3,1,"0,80%",5,"0,40%"
09/08/2023,1.254,7,"0,56%",6,1,0,0,"0,48%",1,"0,08%"
10/08/2023,1.198,11,"0,92%",8,3,0,0,"0,67%",3,"0,25%"
11/08/2023,994,7,"0,70%",5,1,1,0,"0,50%",2,"0,20%"
12/08/2023,239,1,"0,42%",1,0,0,0,"0,42%",0,"0,00%"
13/08/2023,110,0,"0,00%",0,0,0,0,"0,00%",0,"0,00%"
14/08/2023,1.154,8,"0,69%",5,2,1,0,"0,43%",3,"0,26%"
15/08/2023,1.014,12,"1,18%",5,4,3,0,"0,49%",7,"0,69%"
16/08/2023,1.195,6,"0,50%",5,1,0,0,"0,42%",1,"0,08%"
17/08/2023,1.014,6,"0,59%",6,0,0,0,"0,59%",0,"0,00%"
18/08/2023,931,18,"1,93%",12,1,3,2,"1,29%",6,"0,64%"
19/08/2023,201,1,"0,50%",1,0,0,0,"0,50%",0,"0,00%"
20/08/2023,134,0,"0,00%",0,0,0,0,"0,00%",0,"0,00%"
21/08/2023,1.295,13,"1,00%",7,3,3,0,"0,54%",6,"0,46%"
22/08/2023,1.081,6,"0,56%",4,1,0,1,"0,37%",2,"0,19%"
23/08/2023,1.057,9,"0,85%",6,3,0,0,"0,57%",3,"0,28%"
24/08/2023,1.035,7,"0,68%",5,1,1,0,"0,48%",2,"0,19%"
25/08/2023,906,6,"0,66%",2,4,0,0,"0,22%",4,"0,44%"
26/08/2023,223,0,"0,00%",0,0,0,0,"0,00%",0,"0,00%"
27/08/2023,154,0,"0,00%",0,0,0,0,"0,00%",0,"0,00%"
28/08/2023,1.080,7,"0,65%",4,3,0,0,"0,37%",3,"0,28%"
29/08/2023,1.113,7,"0,63%",5,0,2,0,"0,45%",2,"0,18%"
30/08/2023,1.051,4,"0,38%",3,0,0,1,"0,29%",1,"0,10%"
31/08/2023,1.282,7,"0,55%",4,1,2,0,"0,31%",3,"0,23%"
01/09/2023,1.183,7,"0,59%",5,1,0,1,"0,42%",2,"0,17%"
02/09/2023,278,0,"0,00%",0,0,0,0,"0,00%",0,"0,00%"
03/09/2023,161,0,"0,00%",0,0,0,0,"0,00%",0,"0,00%"
04/09/2023,1.461,12,"0,82%",8,2,2,0,"0,55%",4,"0,27%"
05/09/2023,1.673,7,"0,42%",3,1,0,3,"0,18%",4,"0,24%"
06/09/2023,1.640,9,"0,55%",8,0,0,1,"0,49%",1,"0,06%"
07/09/2023,314,1,"0,32%",1,0,0,0,"0,32%",0,"0,00%"
08/09/2023,3.741,16,"0,43%",10,4,1,1,"0,27%",6,"0,16%"
09/09/2023,306,2,"0,65%",2,0,0,0,"0,65%",0,"0,00%"
10/09/2023,251,0,"0,00%",0,0,0,0,"0,00%",0,"0,00%"
11/09/2023,1.707,11,"0,64%",7,3,0,1,"0,41%",4,"0,23%"
12/09/2023,1.456,13,"0,89%",6,1,3,3,"0,41%",7,"0,48%"
13/09/2023,1.311,12,"0,92%",7,2,2,1,"0,53%",5,"0,38%"
14/09/2023,1.151,8,"0,70%",6,1,1,0,"0,52%",2,"0,17%"
15/09/2023,962,3,"0,31%",2,1,0,0,"0,21%",1,"0,10%"
16/09/2023,234,0,"0,00%",0,0,0,0,"0,00%",0,"0,00%"
17/09/2023,143,0,"0,00%",0,0,0,0,"0,00%",0,"0,00%"
18/09/2023,1.317,8,"0,61%",5,2,1,0,"0,38%",3,"0,23%"
19/09/2023,1.271,11,"0,87%",8,1,0,2,"0,63%",3,"0,24%"
20/09/2023,1.079,8,"0,74%",6,1,0,1,"0,56%",2,"0,19%"
21/09/2023,1.128,6,"0,53%",6,0,0,0,"0,53%",0,"0,00%"
22/09/2023,979,9,"0,92%",2,0,3,4,"0,20%",7,"0,72%"
23/09/2023,230,1,"0,43%",1,0,0,0,"0,43%",0,"0,00%"
24/09/2023,128,0,"0,00%",0,0,0,0,"0,00%",0,"0,00%"
25/09/2023,1.276,8,"0,63%",6,1,0,1,"0,47%",2,"0,16%"
26/09/2023,1.266,9,"0,71%",6,0,2,1,"0,47%",3,"0,24%"
27/09/2023,1.238,14,"1,13%",11,2,0,1,"0,89%",3,"0,24%"
28/09/2023,1.184,8,"0,68%",8,0,0,0,"0,68%",0,"0,00%"
29/09/2023,1.035,16,"1,55%",12,2,0,2,"1,16%",4,"0,39%"
30/09/2023,261,0,"0,00%",0,0,0,0,"0,00%",0,"0,00%"
01/10/2023,336,0,"0,00%",0,0,0,0,"0,00%",0,"0,00%"
02/10/2023,2.407,11,"0,46%",3,8,0,0,"0,12%",8,"0,33%"
03/10/2023,2.202,17,"0,77%",11,0,2,4,"0,50%",6,"0,27%"
04/10/2023,1.801,16,"0,89%",12,2,1,1,"0,67%",4,"0,22%"
05/10/2023,1.540,7,"0,45%",5,0,1,1,"0,32%",2,"0,13%"
06/10/2023,1.219,7,"0,57%",6,0,1,0,"0,49%",1,"0,08%"
07/10/2023,247,1,"0,40%",1,0,0,0,"0,40%",0,"0,00%"
08/10/2023,153,0,"0,00%",0,0,0,0,"0,00%",0,"0,00%"
09/10/2023,1.544,12,"0,78%",4,6,0,2,"0,26%",8,"0,52%"
10/10/2023,1.492,12,"0,80%",5,6,0,1,"0,34%",7,"0,47%"
11/10/2023,1.265,18,"1,42%",13,4,1,0,"1,03%",5,"0,40%"
12/10/2023,233,1,"0,43%",0,1,0,0,"0,00%",1,"0,43%"
13/10/2023,833,13,"1,56%",7,3,3,0,"0,84%",6,"0,72%"
14/10/2023,243,1,"0,41%",1,0,0,0,"0,41%",0,"0,00%"
15/10/2023,134,0,"0,00%",0,0,0,0,"0,00%",0,"0,00%"
16/10/2023,1.266,14,"1,11%",9,5,0,0,"0,71%",5,"0,39%"
17/10/2023,1.490,10,"0,67%",3,4,2,1,"0,20%",7,"0,47%"
18/10/2023,1.307,15,"1,15%",8,5,2,0,"0,61%",7,"0,54%"
19/10/2023,1.242,14,"1,13%",10,4,0,0,"0,81%",4,"0,32%"
20/10/2023,1.053,9,"0,85%",8,0,0,1,"0,76%",1,"0,09%"
21/10/2023,226,1,"0,44%",1,0,0,0,"0,44%",0,"0,00%"
22/10/2023,149,0,"0,00%",0,0,0,0,"0,00%",0,"0,00%"
23/10/2023,1.858,7,"0,38%",4,0,2,1,"0,22%",3,"0,16%"
24/10/2023,1.362,12,"0,88%",7,2,3,0,"0,51%",5,"0,37%"
25/10/2023,1.372,13,"0,95%",7,4,1,1,"0,51%",6,"0,44%"
26/10/2023,1.134,7,"0,62%",4,1,2,0,"0,35%",3,"0,26%"
27/10/2023,917,3,"0,33%",2,1,0,0,"0,22%",1,"0,11%"
28/10/2023,211,1,"0,47%",1,0,0,0,"0,47%",0,"0,00%"
29/10/2023,129,2,"1,55%",1,0,1,0,"0,78%",1,"0,78%"
30/10/2023,1.236,5,"0,40%",2,1,0,2,"0,16%",3,"0,24%"
31/10/2023,1.178,13,"1,10%",8,4,1,0,"0,68%",5,"0,42%"
01/11/2023,1.680,13,"0,77%",9,3,0,1,"0,54%",4,"0,24%"
02/11/2023,367,1,"0,27%",1,0,0,0,"0,27%",0,"0,00%"
03/11/2023,1.270,11,"0,87%",7,3,1,0,"0,55%",4,"0,31%"
04/11/2023,444,2,"0,45%",1,1,0,0,"0,23%",1,"0,23%"
05/11/2023,328,3,"0,91%",2,1,0,0,"0,61%",1,"0,30%"
06/11/2023,2.062,20,"0,97%",14,4,2,0,"0,68%",6,"0,29%"
07/11/2023,1.533,18,"1,17%",9,4,1,4,"0,59%",9,"0,59%"
08/11/2023,1.496,8,"0,53%",7,1,0,0,"0,47%",1,"0,07%"
09/11/2023,1.182,7,"0,59%",3,2,1,1,"0,25%",4,"0,34%"
10/11/2023,992,15,"1,51%",10,4,1,0,"1,01%",5,"0,50%"
11/11/2023,234,0,"0,00%",0,0,0,0,"0,00%",0,"0,00%"
12/11/2023,146,0,"0,00%",0,0,0,0,"0,00%",0,"0,00%"
13/11/2023,1.193,16,"1,34%",12,2,1,1,"1,01%",4,"0,34%"
14/11/2023,1.007,7,"0,70%",5,2,0,0,"0,50%",2,"0,20%"
15/11/2023,293,3,"1,02%",2,0,1,0,"0,68%",1,"0,34%"
16/11/2023,1.132,6,"0,53%",5,0,0,1,"0,44%",1,"0,09%"
17/11/2023,901,6,"0,67%",3,3,0,0,"0,33%",3,"0,33%"
18/11/2023,256,2,"0,78%",1,0,1,0,"0,39%",1,"0,39%"
19/11/2023,135,0,"0,00%",0,0,0,0,"0,00%",0,"0,00%"
20/11/2023,708,5,"0,71%",4,1,0,0,"0,56%",1,"0,14%"
21/11/2023,1.115,6,"0,54%",2,2,1,1,"0,18%",4,"0,36%"
22/11/2023,1.105,10,"0,90%",9,1,0,0,"0,81%",1,"0,09%"
23/11/2023,1.024,10,"0,98%",9,0,1,0,"0,88%",1,"0,10%"
24/11/2023,830,7,"0,84%",4,1,1,1,"0,48%",3,"0,36%"
25/11/2023,228,1,"0,44%",1,0,0,0,"0,44%",0,"0,00%"
26/11/2023,168,1,"0,60%",1,0,0,0,"0,60%",0,"0,00%"
27/11/2023,1.046,3,"0,29%",3,0,0,0,"0,29%",0,"0,00%"
28/11/2023,1.083,6,"0,55%",3,2,0,1,"0,28%",3,"0,28%"
29/11/2023,1.118,15,"1,34%",5,7,3,0,"0,45%",10,"0,89%"
30/11/2023,1.035,14,"1,35%",9,4,1,0,"0,87%",5,"0,48%"
01/12/2023,975,9,"0,92%",7,2,0,0,"0,72%",2,"0,21%"
02/12/2023,223,0,"0,00%",0,0,0,0,"0,00%",0,"0,00%"
03/12/2023,120,1,"0,83%",0,1,0,0,"0,00%",1,"0,83%"
04/12/2023,1.447,13,"0,90%",7,4,1,1,"0,48%",6,"0,41%"
05/12/2023,1.449,4,"0,28%",2,1,1,0,"0,14%",2,"0,14%"
06/12/2023,1.377,10,"0,73%",8,2,0,0,"0,58%",2,"0,15%"
07/12/2023,1.289,12,"0,93%",10,2,0,0,"0,78%",2,"0,16%"
08/12/2023,867,9,"1,04%",4,5,0,0,"0,46%",5,"0,58%"
09/12/2023,235,3,"1,28%",3,0,0,0,"1,28%",0,"0,00%"
10/12/2023,161,0,"0,00%",0,0,0,0,"0,00%",0,"0,00%"
11/12/2023,1.356,4,"0,29%",2,2,0,0,"0,15%",2,"0,15%"
12/12/2023,1.139,11,"0,97%",7,2,2,0,"0,61%",4,"0,35%"
13/12/2023,1.098,8,"0,73%",3,5,0,0,"0,27%",5,"0,46%"
14/12/2023,1.133,5,"0,44%",2,2,0,1,"0,18%",3,"0,26%"
15/12/2023,870,8,"0,92%",6,2,0,0,"0,69%",2,"0,23%"
16/12/2023,1.109,0,"0,00%",0,0,0,0,"0,00%",0,"0,00%"
17/12/2023,110,0,"0,00%",0,0,0,0,"0,00%",0,"0,00%"
18/12/2023,1.037,6,"0,58%",5,0,1,0,"0,48%",1,"0,10%"
19/12/2023,993,10,"1,01%",5,2,0,3,"0,50%",5,"0,50%"
20/12/2023,892,6,"0,67%",3,0,1,2,"0,34%",3,"0,34%"
21/12/2023,752,7,"0,93%",5,1,1,0,"0,66%",2,"0,27%"
22/12/2023,581,4,"0,69%",2,2,0,0,"0,34%",2,"0,34%"
23/12/2023,148,0,"0,00%",0,0,0,0,"0,00%",0,"0,00%"
24/12/2023,82,0,"0,00%",0,0,0,0,"0,00%",0,"0,00%"
25/12/2023,49,2,"4,08%",0,0,1,1,"0,00%",2,"4,08%"
26/12/2023,709,5,"0,71%",4,0,1,0,"0,56%",1,"0,14%"
27/12/2023,910,6,"0,66%",4,2,0,0,"0,44%",2,"0,22%"
28/12/2023,761,4,"0,53%",3,1,0,0,"0,39%",1,"0,13%"
29/12/2023,568,9,"1,58%",6,1,1,1,"1,06%",3,"0,53%"
30/12/2023,148,0,"0,00%",0,0,0,0,"0,00%",0,"0,00%"
31/12/2023,65,0,"0,00%",0,0,0,0,"0,00%",0,"0,00%"
01/01/2024,88,0,"0,00%",0,0,0,0,"0,00%",0,"0,00%"
02/01/2024,1.097,7,"0,64%",4,3,0,0,"0,36%",3,"0,27%"
03/01/2024,1.416,11,"0,78%",7,4,0,0,"0,49%",4,"0,28%"
04/01/2024,1.479,7,"0,47%",4,2,1,0,"0,27%",3,"0,20%"
05/01/2024,1.351,6,"0,44%",5,0,1,0,"0,37%",1,"0,07%"
06/01/2024,265,1,"0,38%",1,0,0,0,"0,38%",0,"0,00%"
07/01/2024,192,0,"0,00%",0,0,0,0,"0,00%",0,"0,00%"
08/01/2024,1.572,12,"0,76%",7,3,2,0,"0,45%",5,"0,32%"
09/01/2024,1.332,4,"0,30%",3,1,0,0,"0,23%",1,"0,08%"
10/01/2024,1.341,6,"0,45%",5,1,0,0,"0,37%",1,"0,07%"
11/01/2024,1.184,8,"0,68%",6,1,1,0,"0,51%",2,"0,17%"
12/01/2024,1.024,7,"0,68%",3,4,0,0,"0,29%",4,"0,39%"
13/01/2024,246,3,"1,22%",1,2,0,0,"0,41%",2,"0,81%"
14/01/2024,135,0,"0,00%",0,0,0,0,"0,00%",0,"0,00%"
15/01/2024,1.263,8,"0,63%",3,4,0,1,"0,24%",5,"0,40%"
16/01/2024,1.198,13,"1,09%",7,3,1,2,"0,58%",6,"0,50%"
17/01/2024,1.253,6,"0,48%",2,3,0,1,"0,16%",4,"0,32%"
18/01/2024,1.233,13,"1,05%",8,4,0,1,"0,65%",5,"0,41%"
19/01/2024,976,9,"0,92%",7,2,0,0,"0,72%",2,"0,20%"
20/01/2024,237,0,"0,00%",0,0,0,0,"0,00%",0,"0,00%"
21/01/2024,165,2,"1,21%",2,0,0,0,"1,21%",0,"0,00%"
22/01/2024,1.153,6,"0,52%",2,4,0,0,"0,17%",4,"0,35%"
23/01/2024,1.200,5,"0,42%",4,1,0,0,"0,33%",1,"0,08%"
24/01/2024,1.302,8,"0,61%",3,4,1,0,"0,23%",5,"0,38%"
25/01/2024,886,6,"0,68%",6,0,0,0,"0,68%",0,"0,00%"
26/01/2024,833,9,"1,08%",8,0,0,1,"0,96%",1,"0,12%"
27/01/2024,213,0,"0,00%",0,0,0,0,"0,00%",0,"0,00%"
28/01/2024,127,0,"0,00%",0,0,0,0,"0,00%",0,"0,00%"
29/01/2024,1.047,9,"0,86%",8,1,0,0,"0,76%",1,"0,10%"
30/01/2024,977,2,"0,20%",0,1,0,1,"0,00%",2,"0,20%"
31/01/2024,1.074,13,"1,21%",7,2,1,3,"0,65%",6,"0,56%"
01/02/2024,1.407,6,"0,43%",2,2,0,2,"0,14%",4,"0,28%"
02/02/2024,1.124,7,"0,62%",3,4,0,0,"0,27%",4,"0,36%"
03/02/2024,294,3,"1,02%",1,0,0,2,"0,34%",2,"0,68%"
04/02/2024,157,1,"0,64%",0,1,0,0,"0,00%",1,"0,64%"
05/02/2024,1.370,16,"1,17%",11,5,0,0,"0,80%",5,"0,36%"
06/02/2024,1.258,13,"1,03%",9,4,0,0,"0,72%",4,"0,32%"
07/02/2024,1.221,8,"0,66%",6,2,0,0,"0,49%",2,"0,16%"
08/02/2024,1.104,10,"0,91%",5,4,0,1,"0,45%",5,"0,45%"
09/02/2024,817,7,"0,86%",5,0,2,0,"0,61%",2,"0,24%"
10/02/2024,160,0,"0,00%",0,0,0,0,"0,00%",0,"0,00%"
11/02/2024,102,1,"0,98%",0,1,0,0,"0,00%",1,"0,98%"
12/02/2024,473,3,"0,63%",3,0,0,0,"0,63%",0,"0,00%"
13/02/2024,313,2,"0,64%",2,0,0,0,"0,64%",0,"0,00%"
14/02/2024,1.003,5,"0,50%",3,1,0,1,"0,30%",2,"0,20%"
15/02/2024,1.266,9,"0,71%",7,1,0,1,"0,55%",2,"0,16%"
16/02/2024,1.016,1,"0,10%",0,1,0,0,"0,00%",1,"0,10%"
17/02/2024,208,1,"0,48%",1,0,0,0,"0,48%",0,"0,00%"
18/02/2024,140,0,"0,00%",0,0,0,0,"0,00%",0,"0,00%"
19/02/2024,1.605,3,"0,19%",3,0,0,0,"0,19%",0,"0,00%"
20/02/2024,1.457,7,"0,48%",3,1,1,2,"0,21%",4,"0,27%"
21/02/2024,1.328,7,"0,53%",1,4,1,1,"0,08%",6,"0,45%"
22/02/2024,1.375,5,"0,36%",1,1,2,1,"0,07%",4,"0,29%"
23/02/2024,962,7,"0,73%",4,1,2,0,"0,42%",3,"0,31%"
24/02/2024,219,3,"1,37%",3,0,0,0,"1,37%",0,"0,00%"
25/02/2024,120,0,"0,00%",0,0,0,0,"0,00%",0,"0,00%"
26/02/2024,1.307,14,"1,07%",6,7,0,1,"0,46%",8,"0,61%"
27/02/2024,1.676,16,"0,95%",11,1,3,1,"0,66%",5,"0,30%"
28/02/2024,1.154,9,"0,78%",5,2,1,1,"0,43%",4,"0,35%"
29/02/2024,1.122,12,"1,07%",7,2,0,3,"0,62%",5,"0,45%"
01/03/2024,1.311,10,"0,76%",8,1,1,0,"0,61%",2,"0,15%"
02/03/2024,240,0,"0,00%",0,0,0,0,"0,00%",0,"0,00%"
03/03/2024,133,0,"0,00%",0,0,0,0,"0,00%",0,"0,00%"
04/03/2024,1.385,12,"0,87%",5,4,2,1,"0,36%",7,"0,51%"
05/03/2024,1.600,19,"1,19%",12,3,3,1,"0,75%",7,"0,44%"
06/03/2024,1.481,15,"1,01%",9,3,0,3,"0,61%",6,"0,41%"
07/03/2024,1.430,11,"0,77%",8,3,0,0,"0,56%",3,"0,21%"
08/03/2024,914,11,"1,20%",4,4,1,2,"0,44%",7,"0,77%"
09/03/2024,224,2,"0,89%",0,1,0,1,"0,00%",2,"0,89%"
10/03/2024,152,1,"0,66%",1,0,0,0,"0,66%",0,"0,00%"
11/03/2024,1.343,6,"0,45%",3,0,3,0,"0,22%",3,"0,22%"
12/03/2024,1.196,6,"0,50%",3,1,0,2,"0,25%",3,"0,25%"
13/03/2024,1.212,14,"1,16%",8,4,1,1,"0,66%",6,"0,50%"
14/03/2024,1.506,6,"0,40%",3,1,1,1,"0,20%",3,"0,20%"
15/03/2024,903,6,"0,66%",3,3,0,0,"0,33%",3,"0,33%"
16/03/2024,202,0,"0,00%",0,0,0,0,"0,00%",0,"0,00%"
17/03/2024,163,1,"0,61%",1,0,0,0,"0,61%",0,"0,00%"
18/03/2024,1.389,4,"0,29%",3,0,0,1,"0,22%",1,"0,07%"
19/03/2024,1.350,5,"0,37%",3,1,0,1,"0,22%",2,"0,15%"
20/03/2024,1.133,6,"0,53%",4,0,1,1,"0,35%",2,"0,18%"
21/03/2024,1.267,6,"0,47%",3,1,1,1,"0,24%",3,"0,24%"
22/03/2024,1.257,11,"0,88%",9,1,0,1,"0,72%",2,"0,16%"
23/03/2024,229,2,"0,87%",2,0,0,0,"0,87%",0,"0,00%"
24/03/2024,146,1,"0,68%",1,0,0,0,"0,68%",0,"0,00%"
25/03/2024,1.061,6,"0,57%",2,2,0,2,"0,19%",4,"0,38%"
26/03/2024,1.108,7,"0,63%",6,1,0,0,"0,54%",1,"0,09%"
27/03/2024,988,5,"0,51%",3,1,0,1,"0,30%",2,"0,20%"
28/03/2024,851,9,"1,06%",7,0,1,1,"0,82%",2,"0,24%"
29/03/2024,177,0,"0,00%",0,0,0,0,"0,00%",0,"0,00%"
30/03/2024,168,0,"0,00%",0,0,0,0,"0,00%",0,"0,00%"
31/03/2024,125,1,"0,80%",1,0,0,0,"0,80%",0,"0,00%"
01/04/2024,1.361,9,"0,66%",3,5,1,0,"0,22%",6,"0,44%"
02/04/2024,1.436,10,"0,70%",5,4,1,0,"0,35%",5,"0,35%"
03/04/2024,1.561,16,"1,02%",7,5,2,2,"0,45%",9,"0,58%"
04/04/2024,1.443,8,"0,55%",4,2,1,1,"0,28%",4,"0,28%"
05/04/2024,1.095,11,"1,00%",7,1,2,1,"0,64%",4,"0,37%"
06/04/2024,219,2,"0,91%",1,0,0,1,"0,46%",1,"0,46%"
07/04/2024,109,0,"0,00%",0,0,0,0,"0,00%",0,"0,00%"
08/04/2024,1.231,8,"0,65%",3,2,2,1,"0,24%",5,"0,41%"
09/04/2024,1.195,7,"0,59%",3,1,2,1,"0,25%",4,"0,33%"
10/04/2024,1.219,12,"0,98%",4,6,2,0,"0,33%",8,"0,66%"
11/04/2024,1.192,12,"1,01%",7,3,1,1,"0,59%",5,"0,42%"
12/04/2024,940,10,"1,06%",3,5,2,0,"0,32%",7,"0,74%"
13/04/2024,193,2,"1,04%",2,0,0,0,"1,04%",0,"0,00%"
14/04/2024,136,0,"0,00%",0,0,0,0,"0,00%",0,"0,00%"
15/04/2024,1.155,8,"0,69%",3,2,1,2,"0,26%",5,"0,43%"
16/04/2024,1.156,15,"1,30%",8,5,1,1,"0,69%",7,"0,61%"
17/04/2024,1.279,7,"0,55%",6,0,1,0,"0,47%",1,"0,08%"
18/04/2024,1.137,11,"0,97%",6,4,0,1,"0,53%",5,"0,44%"
19/04/2024,1.006,6,"0,60%",3,1,0,2,"0,30%",3,"0,30%"
20/04/2024,170,2,"1,18%",0,1,1,0,"0,00%",2,"1,18%"
21/04/2024,103,0,"0,00%",0,0,0,0,"0,00%",0,"0,00%"
22/04/2024,1.132,5,"0,44%",4,0,1,0,"0,35%",1,"0,09%"
23/04/2024,1.047,6,"0,57%",3,1,0,2,"0,29%",3,"0,29%"
24/04/2024,1.049,8,"0,76%",3,2,2,1,"0,29%",5,"0,48%"
25/04/2024,1.055,7,"0,66%",6,0,1,0,"0,57%",1,"0,09%"
26/04/2024,1.200,5,"0,42%",2,2,0,1,"0,17%",3,"0,25%"
27/04/2024,212,1,"0,47%",1,0,0,0,"0,47%",0,"0,00%"
28/04/2024,154,0,"0,00%",0,0,0,0,"0,00%",0,"0,00%"
29/04/2024,1.252,18,"1,44%",12,2,4,0,"0,96%",6,"0,48%"
30/04/2024,1.088,11,"1,01%",10,0,1,0,"0,92%",1,"0,09%"
01/05/2024,259,1,"0,39%",1,0,0,0,"0,39%",0,"0,00%"
02/05/2024,1.536,9,"0,59%",7,0,1,1,"0,46%",2,"0,13%"
03/05/2024,1.363,5,"0,37%",4,1,0,0,"0,29%",1,"0,07%"
04/05/2024,332,4,"1,20%",4,0,0,0,"1,20%",0,"0,00%"
05/05/2024,197,0,"0,00%",0,0,0,0,"0,00%",0,"0,00%"
06/05/2024,2.505,11,"0,44%",8,1,1,1,"0,32%",3,"0,12%"
07/05/2024,2.135,10,"0,47%",7,1,1,1,"0,33%",3,"0,14%"
08/05/2024,1.607,3,"0,19%",3,0,0,0,"0,19%",0,"0,00%"
09/05/2024,1.245,10,"0,80%",5,1,1,3,"0,40%",5,"0,40%"
10/05/2024,1.028,5,"0,49%",4,1,0,0,"0,39%",1,"0,10%"
11/05/2024,208,0,"0,00%",0,0,0,0,"0,00%",0,"0,00%"
12/05/2024,110,0,"0,00%",0,0,0,0,"0,00%",0,"0,00%"
13/05/2024,1.254,12,"0,96%",8,2,1,1,"0,64%",4,"0,32%"
14/05/2024,1.201,6,"0,50%",3,0,2,1,"0,25%",3,"0,25%"
15/05/2024,1.390,15,"1,08%",12,0,0,3,"0,86%",3,"0,22%"
16/05/2024,1.110,5,"0,45%",2,1,1,1,"0,18%",3,"0,27%"
17/05/2024,928,6,"0,65%",2,1,2,1,"0,22%",4,"0,43%"
18/05/2024,200,1,"0,50%",0,0,0,1,"0,00%",1,"0,50%"
19/05/2024,116,1,"0,86%",0,1,0,0,"0,00%",1,"0,86%"
20/05/2024,1.107,6,"0,54%",4,2,0,0,"0,36%",2,"0,18%"
21/05/2024,1.046,5,"0,48%",3,0,2,0,"0,29%",2,"0,19%"
22/05/2024,1.012,9,"0,89%",5,0,2,2,"0,49%",4,"0,40%"
23/05/2024,971,11,"1,13%",8,0,0,3,"0,82%",3,"0,31%"
24/05/2024,823,3,"0,36%",3,0,0,0,"0,36%",0,"0,00%"
25/05/2024,185,3,"1,62%",3,0,0,0,"1,62%",0,"0,00%"
26/05/2024,109,1,"0,92%",1,0,0,0,"0,92%",0,"0,00%"
27/05/2024,961,7,"0,73%",3,2,1,1,"0,31%",4,"0,42%"
28/05/2024,928,3,"0,32%",2,1,0,0,"0,22%",1,"0,11%"
29/05/2024,942,3,"0,32%",3,0,0,0,"0,32%",0,"0,00%"
30/05/2024,204,0,"0,00%",0,0,0,0,"0,00%",0,"0,00%"
31/05/2024,674,4,"0,59%",1,2,0,1,"0,15%",3,"0,45%"
01/06/2024,177,1,"0,56%",1,0,0,0,"0,56%",0,"0,00%"
02/06/2024,115,0,"0,00%",0,0,0,0,"0,00%",0,"0,00%"
03/06/2024,1.166,5,"0,43%",2,1,1,1,"0,17%",3,"0,26%"
04/06/2024,1.366,8,"0,59%",2,3,2,1,"0,15%",6,"0,44%"
05/06/2024,1.462,9,"0,62%",6,3,0,0,"0,41%",3,"0,21%"
06/06/2024,1.314,10,"0,76%",7,0,2,1,"0,53%",3,"0,23%"
07/06/2024,967,5,"0,52%",2,2,1,0,"0,21%",3,"0,31%"
08/06/2024,222,0,"0,00%",0,0,0,0,"0,00%",0,"0,00%"
09/06/2024,114,0,"0,00%",0,0,0,0,"0,00%",0,"0,00%"
10/06/2024,1.594,11,"0,69%",7,2,0,2,"0,44%",4,"0,25%"
11/06/2024,1.149,7,"0,61%",5,0,1,1,"0,44%",2,"0,17%"
12/06/2024,995,6,"0,60%",3,0,1,2,"0,30%",3,"0,30%"
13/06/2024,1.026,6,"0,58%",3,1,1,1,"0,29%",3,"0,29%"
14/06/2024,821,11,"1,34%",8,1,2,0,"0,97%",3,"0,37%"
15/06/2024,165,0,"0,00%",0,0,0,0,"0,00%",0,"0,00%"
16/06/2024,105,0,"0,00%",0,0,0,0,"0,00%",0,"0,00%"
17/06/2024,1.239,5,"0,40%",1,3,0,1,"0,08%",4,"0,32%"
18/06/2024,1.056,5,"0,47%",2,1,1,1,"0,19%",3,"0,28%"
19/06/2024,1.000,10,"1,00%",2,5,2,1,"0,20%",8,"0,80%"
20/06/2024,1.004,8,"0,80%",1,3,3,1,"0,10%",7,"0,70%"
21/06/2024,855,4,"0,47%",0,2,1,1,"0,00%",4,"0,47%"
22/06/2024,164,0,"0,00%",0,0,0,0,"0,00%",0,"0,00%"
23/06/2024,119,0,"0,00%",0,0,0,0,"0,00%",0,"0,00%"
24/06/2024,1.059,14,"1,32%",7,3,2,2,"0,66%",7,"0,66%"
25/06/2024,1.090,4,"0,37%",2,0,1,1,"0,18%",2,"0,18%"
26/06/2024,1.054,4,"0,38%",0,2,1,1,"0,00%",4,"0,38%"
27/06/2024,940,12,"1,28%",4,2,1,5,"0,43%",8,"0,85%"
28/06/2024,803,6,"0,75%",4,0,0,2,"0,50%",2,"0,25%"
29/06/2024,164,0,"0,00%",0,0,0,0,"0,00%",0,"0,00%"
30/06/2024,137,1,"0,73%",1,0,0,0,"0,73%",0,"0,00%"
01/07/2024,1.482,10,"0,67%",7,1,0,2,"0,47%",3,"0,20%"
02/07/2024,1.336,10,"0,75%",7,1,1,1,"0,52%",3,"0,22%"
03/07/2024,1.436,15,"1,04%",5,6,0,4,"0,35%",10,"0,70%"
04/07/2024,1.409,14,"0,99%",7,3,2,2,"0,50%",7,"0,50%"
05/07/2024,1.269,15,"1,18%",7,3,2,3,"0,55%",8,"0,63%"
06/07/2024,258,2,"0,78%",1,1,0,0,"0,39%",1,"0,39%"
07/07/2024,150,0,"0,00%",0,0,0,0,"0,00%",0,"0,00%"
08/07/2024,1.908,21,"1,10%",7,9,1,4,"0,37%",14,"0,73%"
09/07/2024,1.011,13,"1,29%",7,4,1,1,"0,69%",6,"0,59%"
10/07/2024,1.948,20,"1,03%",10,7,2,1,"0,51%",10,"0,51%"
11/07/2024,1.151,15,"1,30%",8,3,2,2,"0,70%",7,"0,61%"
12/07/2024,990,16,"1,62%",11,3,1,1,"1,11%",5,"0,51%"
13/07/2024,203,0,"0,00%",0,0,0,0,"0,00%",0,"0,00%"
14/07/2024,151,0,"0,00%",0,0,0,0,"0,00%",0,"0,00%"
15/07/2024,1.085,13,"1,20%",7,3,1,2,"0,65%",6,"0,55%"
16/07/2024,1.178,6,"0,51%",3,1,2,0,"0,25%",3,"0,25%"
17/07/2024,1.089,14,"1,29%",6,6,0,2,"0,55%",8,"0,73%"
18/07/2024,971,20,"2,06%",7,7,2,4,"0,72%",13,"1,34%"
19/07/2024,800,15,"1,88%",8,4,0,3,"1,00%",7,"0,88%"
20/07/2024,178,0,"0,00%",0,0,0,0,"0,00%",0,"0,00%"
21/07/2024,125,0,"0,00%",0,0,0,0,"0,00%",0,"0,00%"
22/07/2024,1.057,8,"0,76%",6,2,0,0,"0,57%",2,"0,19%"
23/07/2024,1.215,12,"0,99%",5,6,0,1,"0,41%",7,"0,58%"
24/07/2024,1.016,5,"0,49%",2,2,0,1,"0,20%",3,"0,30%"
25/07/2024,952,9,"0,95%",4,4,1,0,"0,42%",5,"0,53%"
26/07/2024,763,4,"0,52%",1,2,1,0,"0,13%",3,"0,39%"
27/07/2024,178,3,"1,69%",2,1,0,0,"1,12%",1,"0,56%"
28/07/2024,116,2,"1,72%",0,1,0,1,"0,00%",2,"1,72%"
29/07/2024,1.081,16,"1,48%",7,4,2,3,"0,65%",9,"0,83%"
30/07/2024,1.022,10,"0,98%",3,3,1,3,"0,29%",7,"0,68%"
31/07/2024,1.075,9,"0,84%",5,3,0,1,"0,47%",4,"0,37%"
01/08/2024,1383,9,"0,65%",4,2,1,2,"0,29%",5,"0,36%"
02/08/2024,1108,10,"0,90%",3,4,1,2,"0,27%",7,"0,63%"
03/08/2024,241,4,"1,66%",3,1,0,0,"1,24%",1,"0,41%"
04/08/2024,169,0,"0,00%",0,0,0,0,"0,00%",0,"0,00%"
05/08/2024,1527,18,"1,18%",12,3,0,3,"0,79%",6,"0,39%"
06/08/2024,1117,12,"1,07%",8,2,1,1,"0,72%",4,"0,36%"
07/08/2024,1296,14,"1,08%",5,4,1,4,"0,39%",9,"0,69%"
08/08/2024,1319,15,"1,14%",8,3,3,1,"0,61%",7,"0,53%"
09/08/2024,923,8,"0,87%",2,5,0,1,"0,22%",6,"0,65%"
10/08/2024,223,0,"0,00%",0,0,0,0,"0,00%",0,"0,00%"
11/08/2024,94,1,"1,06%",0,1,0,0,"0,00%",1,"1,06%"
12/08/2024,1169,23,"1,97%",9,7,3,4,"0,77%",14,"1,20%"
13/08/2024,1027,13,"1,27%",5,6,0,2,"0,49%",8,"0,78%"
14/08/2024,923,14,"1,52%",4,5,4,1,"0,43%",10,"1,08%"
15/08/2024,896,8,"0,89%",4,4,0,0,"0,45%",4,"0,45%"
16/08/2024,883,7,"0,79%",1,5,0,1,"0,11%",6,"0,68%"
17/08/2024,169,0,"0,00%",0,0,0,0,"0,00%",0,"0,00%"
18/08/2024,104,0,"0,00%",0,0,0,0,"0,00%",0,"0,00%"
19/08/2024,1224,12,"0,98%",5,5,1,1,"0,41%",7,"0,57%"
20/08/2024,1.233,17,"1,38%",9,1,2,5,"0,73%",8,"0,65%"
21/08/2024,982,12,"1,22%",6,4,0,2,"0,61%",6,"0,61%"
22/08/2024,893,8,"0,90%",3,1,1,3,"0,34%",5,"0,56%"
23/08/2024,756,4,"0,53%",2,1,0,1,"0,26%",2,"0,26%"
24/08/2024,189,2,"1,06%",0,1,0,1,"0,00%",2,"1,06%"
25/08/2024,173,1,"0,58%",1,0,0,0,"0,58%",0,"0,00%"
26/08/2024,1.520,5,"0,33%",4,1,0,0,"0,26%",1,"0,07%"
27/08/2024,1.153,9,"0,78%",2,4,1,2,"0,17%",7,"0,61%"
28/08/2024,941,9,"0,96%",4,1,1,3,"0,43%",5,"0,53%"
29/08/2024,866,3,"0,35%",0,2,0,1,"0,00%",3,"0,35%"
30/08/2024,900,9,"1,00%",5,2,1,1,"0,56%",4,"0,44%"
31/08/2024,194,1,"0,52%",1,0,0,0,"0,52%",0,"0,00%"
01/09/2024,101,0,"0,00%",0,0,0,0,"0,00%",0,"0,00%"
02/09/2024,1467,13,"0,89%",7,3,2,1,"0,48%",6,"0,41%"
03/09/2024,1502,9,"0,60%",5,1,1,2,"0,33%",4,"0,27%"
04/09/2024,1373,17,"1,24%",6,6,5,0,"0,44%",11,"0,80%"
05/09/2024,1392,23,"1,65%",13,5,2,3,"0,93%",10,"0,72%"
06/09/2024,891,10,"1,12%",4,3,2,1,"0,45%",6,"0,67%"
07/09/2024,120,3,"2,50%",0,2,1,0,"0,00%",3,"2,50%"
08/09/2024,142,0,"0,00%",0,0,0,0,"0,00%",0,"0,00%"
09/09/2024,1100,8,"0,73%",2,5,0,1,"0,18%",6,"0,55%"
10/09/2024,1.105,11,"1,00%",4,3,0,4,"0,36%",7,"0,63%"
11/09/2024,968,14,"1,45%",7,6,1,0,"0,72%",7,"0,72%"
12/09/2024,897,4,"0,45%",0,2,1,1,"0,00%",4,"0,45%"
13/09/2024,690,1,"0,14%",1,0,0,0,"0,14%",0,"0,00%"
14/09/2024,147,2,"1,36%",0,2,0,0,"0,00%",2,"1,36%"
15/09/2024,92,1,"1,09%",0,0,1,0,"0,00%",1,"1,09%"
16/09/2024,1206,6,"0,50%",4,1,0,1,"0,33%",2,"0,17%"
17/09/2024,975,7,"0,72%",5,1,1,0,"0,51%",2,"0,21%"
18/09/2024,1006,7,"0,70%",4,1,0,2,"0,40%",3,"0,30%"
19/09/2024,971,3,"0,31%",2,1,0,0,"0,21%",1,"0,10%"
20/09/2024,627,2,"0,32%",0,1,0,1,"0,00%",2,"0,32%"
21/09/2024,149,0,"0,00%",0,0,0,0,"0,00%",0,"0,00%"
22/09/2024,107,0,"0,00%",0,0,0,0,"0,00%",0,"0,00%"
23/09/2024,934,10,"1,07%",7,1,1,1,"0,75%",3,"0,32%"
24/09/2024,867,17,"1,96%",7,7,0,3,"0,81%",10,"1,15%"
25/09/2024,855,12,"1,40%",2,6,1,3,"0,23%",10,"1,17%"
26/09/2024,855,9,"1,05%",4,4,0,1,"0,47%",5,"0,58%"
27/09/2024,712,2,"0,28%",0,1,0,1,"0,00%",2,"0,28%"
28/09/2024,712,1,"0,14%",0,1,0,0,"0,00%",1,"0,14%"
29/09/2024,113,1,"0,88%",0,0,0,1,"0,00%",1,"0,88%"
30/09/2024,954,9,"0,94%",3,3,0,3,"0,31%",6,"0,63%"
01/10/2024,1319,17,"1,29%",5,7,1,4,"0,38%",12,"0,91%"
02/10/2024,1562,15,"0,96%",6,8,0,1,"0,38%",9,"0,58%"
03/10/2024,1281,9,"0,70%",7,2,0,0,"0,55%",2,"0,16%"
04/10/2024,898,9,"1,00%",5,4,0,0,"0,56%",4,"0,45%"
05/10/2024,190,1,"0,53%",0,0,0,1,"0,00%",1,"0,53%"
06/10/2024,98,1,"1,02%",0,1,0,0,"0,00%",1,"1,02%"
07/10/2024,1074,9,"0,84%",2,7,0,0,"0,19%",7,"0,65%"
08/10/2024,1071,9,"0,84%",4,3,0,2,"0,37%",5,"0,47%"
09/10/2024,1182,14,"1,18%",8,4,1,1,"0,68%",6,"0,51%"
10/10/2024,1167,8,"0,69%",5,3,0,0,"0,43%",3,"0,26%"
11/10/2024,1238,14,"1,13%",9,1,2,2,"0,73%",5,"0,40%"
12/10/2024,144,1,"0,69%",0,1,0,0,"0,00%",1,"0,69%"
13/10/2024,123,0,"0,00%",0,0,0,0,"0,00%",0,"0,00%"
14/10/2024,1001,7,"0,70%",4,2,0,1,"0,40%",3,"0,30%"
15/10/2024,1023,16,"1,56%",6,9,1,0,"0,59%",10,"0,98%"
16/10/2024,967,5,"0,52%",2,2,0,1,"0,21%",3,"0,31%"
17/10/2024,1.299,11,"0,85%",7,4,0,0,"0,54%",4,"0,31%"
18/10/2024,804,6,"0,75%",3,2,0,1,"0,37%",3,"0,37%"
19/10/2024,201,0,"0,00%",0,0,0,0,"0,00%",0,"0,00%"
20/10/2024,121,0,"0,00%",0,0,0,0,"0,00%",0,"0,00%"
21/10/2024,1.202,12,"1,00%",7,3,2,0,"0,58%",5,"0,42%"
22/10/2024,960,10,"1,04%",4,3,2,1,"0,42%",6,"0,63%"
23/10/2024,953,12,"1,26%",7,1,1,3,"0,73%",5,"0,52%"
24/10/2024,1.182,13,"1,10%",7,5,0,1,"0,59%",6,"0,51%"
25/10/2024,788,4,"0,51%",3,0,0,1,"0,38%",1,"0,13%"
26/10/2024,174,2,"1,15%",1,0,1,0,"0,57%",1,"0,57%"
27/10/2024,113,0,"0,00%",0,0,0,0,"0,00%",0,"0,00%"
28/10/2024,911,8,"0,88%",5,1,1,1,"0,55%",3,"0,33%"
29/10/2024,909,8,"0,88%",5,1,1,1,"0,55%",3,"0,33%"
30/10/2024,1123,3,"0,27%",0,2,1,0,"0,00%",3,"0,27%"
31/10/2024,948,11,"1,16%",5,5,0,1,"0,53%",6,"0,63%"
01/11/2024,837,7,"0,84%",5,1,0,1,"0,60%",2,"0,24%"
02/11/2024,148,2,"1,35%",1,1,0,0,"0,68%",1,"0,68%"
03/11/2024,147,2,"1,36%",2,0,0,0,"1,36%",0,"0,00%"
04/11/2024,1273,14,"1,10%",8,4,2,0,"0,63%",6,"0,47%"
05/11/2024,1251,13,"1,04%",6,6,1,0,"0,48%",7,"0,56%"
06/11/2024,1143,20,"1,75%",15,1,3,1,"1,31%",5,"0,44%"
07/11/2024,1220,10,"0,82%",6,0,2,2,"0,49%",4,"0,33%"
08/11/2024,814,6,"0,74%",4,2,0,0,"0,49%",2,"0,25%"
09/11/2024,191,3,"1,57%",2,1,0,0,"1,05%",1,"0,52%"
10/11/2024,112,1,"0,89%",0,0,1,0,"0,00%",1,"0,89%"
11/11/2024,1407,8,"0,57%",4,2,1,1,"0,28%",4,"0,28%"
12/11/2024,1022,15,"1,47%",12,1,1,1,"1,17%",3,"0,29%"
13/11/2024,946,3,"0,32%",1,0,1,1,"0,11%",2,"0,21%"
14/11/2024,808,8,"0,99%",3,2,2,1,"0,37%",5,"0,62%"
15/11/2024,154,2,"1,30%",0,0,1,1,"0,00%",2,"1,30%"
16/11/2024,158,1,"0,63%",0,1,0,0,"0,00%",1,"0,63%"
17/11/2024,123,0,"0,00%",0,0,0,0,"0,00%",0,"0,00%"
18/11/2024,1024,9,"0,88%",6,3,0,0,"0,59%",3,"0,29%"
19/11/2024,858,8,"0,93%",8,0,0,0,"0,93%",0,"0,00%"
20/11/2024,319,3,"0,94%",1,2,0,0,"0,31%",2,"0,63%"
21/11/2024,926,3,"0,32%",2,0,1,0,"0,22%",1,"0,11%"
22/11/2024,708,7,"0,99%",5,1,1,0,"0,71%",2,"0,28%"
23/11/2024,181,0,"0,00%",0,0,0,0,"0,00%",0,"0,00%"
24/11/2024,104,0,"0,00%",0,0,0,0,"0,00%",0,"0,00%"
25/11/2024,958,7,"0,73%",6,0,0,1,"0,63%",1,"0,10%"
26/11/2024,885,8,"0,90%",7,1,0,0,"0,79%",1,"0,11%"
27/11/2024,771,8,"1,04%",3,2,3,0,"0,39%",5,"0,65%"
28/11/2024,783,6,"0,77%",4,0,1,1,"0,51%",2,"0,26%"
29/11/2024,638,2,"0,31%",0,0,1,1,"0,00%",2,"0,31%"
30/11/2024,175,1,"0,57%",0,1,0,0,"0,00%",1,"0,57%"
01/12/2024,128,0,"0,00%",0,0,0,0,"0,00%",0,"0,00%"
02/12/2024,3664,11,"0,30%",8,2,0,1,"0,22%",3,"0,08%"
03/12/2024,3538,13,"0,37%",7,5,0,1,"0,20%",6,"0,17%"
04/12/2024,3362,11,"0,33%",5,2,2,2,"0,15%",6,"0,18%"
05/12/2024,3430,6,"0,17%",4,2,0,0,"0,12%",2,"0,06%"
06/12/2024,2859,4,"0,14%",1,2,0,1,"0,03%",3,"0,10%"
07/12/2024,195,2,"1,03%",0,1,0,1,"0,00%",2,"1,03%"
08/12/2024,130,0,"0,00%",0,0,0,0,"0,00%",0,"0,00%"
09/12/2024,3478,3,"0,09%",1,0,1,1,"0,03%",2,"0,06%"
10/12/2024,3423,4,"0,12%",3,1,0,0,"0,09%",1,"0,03%"
11/12/2024,3118,11,"0,35%",5,2,3,1,"0,16%",6,"0,19%"
12/12/2024,2968,4,"0,13%",2,0,1,1,"0,07%",2,"0,07%"
13/12/2024,2520,8,"0,32%",4,3,0,1,"0,16%",4,"0,16%"
14/12/2024,165,0,"0,00%",0,0,0,0,"0,00%",0,"0,00%"
15/12/2024,88,0,"0,00%",0,0,0,0,"0,00%",0,"0,00%"
16/12/2024,3141,5,"0,16%",3,2,0,0,"0,10%",2,"0,06%"
17/12/2024,2858,8,"0,28%",4,1,2,1,"0,14%",4,"0,14%"
18/12/2024,2794,5,"0,18%",4,1,0,0,"0,14%",1,"0,04%"
19/12/2024,2979,4,"0,13%",4,0,0,0,"0,13%",0,"0,00%"
20/12/2024,2247,13,"0,58%",9,2,0,2,"0,40%",4,"0,18%"
21/12/2024,163,0,"0,00%",0,0,0,0,"0,00%",0,"0,00%"
22/12/2024,79,1,"1,27%",1,0,0,0,"1,27%",0,"0,00%"
23/12/2024,1805,7,"0,39%",2,2,2,1,"0,11%",5,"0,28%"
24/12/2024,319,1,"0,31%",1,0,0,0,"0,31%",0,"0,00%"
25/12/2024,44,0,"0,00%",0,0,0,0,"0,00%",0,"0,00%"
26/12/2024,1744,1,"0,06%",0,1,0,0,"0,00%",1,"0,06%"
27/12/2024,1773,7,"0,39%",2,3,1,1,"0,11%",5,"0,28%"
28/12/2024,173,2,"1,16%",1,0,0,1,"0,58%",1,"0,58%"
29/12/2024,89,0,"0,00%",0,0,0,0,"0,00%",0,"0,00%"
30/12/2024,1690,2,"0,12%",0,2,0,0,"0,00%",2,"0,12%"
31/12/2024,359,1,"0,28%",1,0,0,0,"0,28%",0,"0,00%"
01/01/2025,83,0,"0,00%",0,0,0,0,"0,00%",0,"0,00%"
02/01/2025,2751,6,"0,22%",5,0,1,0,"0,18%",1,"0,04%"
03/01/2025,2988,3,"0,10%",1,1,0,1,"0,03%",2,"0,07%"
04/01/2025,230,1,"0,43%",0,0,1,0,"0,00%",1,"0,43%"
05/01/2025,173,2,"1,16%",2,0,0,0,"1,16%",0,"0,00%"
06/01/2025,3759,13,"0,35%",7,5,0,1,"0,19%",6,"0,16%"
07/01/2025,3874,12,"0,31%",6,4,0,2,"0,15%",6,"0,15%"
08/01/2025,4021,5,"0,12%",4,0,0,1,"0,10%",1,"0,02%"
09/01/2025,3664,11,"0,30%",5,4,1,1,"0,14%",6,"0,16%"
10/01/2025,3298,9,"0,27%",5,2,1,1,"0,15%",4,"0,12%"
11/01/2025,271,1,"0,37%",1,0,0,0,"0,37%",0,"0,00%"
12/01/2025,154,1,"0,65%",1,0,0,0,"0,65%",0,"0,00%"
13/01/2025,4187,5,"0,12%",4,1,0,0,"0,10%",1,"0,02%"
14/01/2025,3836,10,"0,26%",5,3,1,1,"0,13%",5,"0,13%"
15/01/2025,4234,5,"0,12%",3,1,0,1,"0,07%",2,"0,05%"
16/01/2025,4583,10,"0,22%",5,4,0,1,"0,11%",5,"0,11%"
17/01/2025,3759,7,"0,19%",5,1,0,1,"0,13%",2,"0,05%"
18/01/2025,215,2,"0,93%",1,1,0,0,"0,47%",1,"0,47%"
19/01/2025,127,0,"0,00%",0,0,0,0,"0,00%",0,"0,00%"
20/01/2025,3675,9,"0,24%",3,4,0,2,"0,08%",6,"0,16%"
21/01/2025,4316,11,"0,25%",6,4,0,1,"0,14%",5,"0,12%"
22/01/2025,4091,12,"0,29%",5,3,3,1,"0,12%",7,"0,17%"
23/01/2025,5646,22,"0,39%",4,13,3,2,"0,07%",18,"0,32%"
24/01/2025,3972,10,"0,25%",1,6,0,3,"0,03%",9,"0,23%"
25/01/2025,189,2,"1,06%",1,1,0,0,"0,53%",1,"0,53%"
26/01/2025,135,1,"0,74%",0,1,0,0,"0,00%",1,"0,74%"
27/01/2025,4523,16,"0,35%",11,3,0,2,"0,24%",5,"0,11%"
28/01/2025,4439,21,"0,47%",5,11,5,0,"0,11%",16,"0,36%"
29/01/2025,3631,23,"0,63%",6,9,3,5,"0,17%",17,"0,47%"
30/01/2025,3790,13,"0,34%",2,8,2,1,"0,05%",11,"0,29%"
31/01/2025,3302,7,"0,21%",5,2,0,0,"0,15%",2,"0,06%"
01/02/2025,234,1,"0,43%",0,0,0,1,"0,00%",1,"0,43%"
02/02/2025,157,0,"0,00%",0,0,0,0,"0,00%",0,"0,00%"
03/02/2025,4130,17,"0,41%",3,10,3,1,"0,07%",14,"0,34%"
04/02/2025,3993,18,"0,45%",8,8,1,1,"0,20%",10,"0,25%"
05/02/2025,4179,17,"0,41%",5,6,3,3,"0,12%",12,"0,29%"
06/02/2025,3964,12,"0,30%",2,6,3,1,"0,05%",10,"0,25%"
07/02/2025,3836,7,"0,18%",4,1,2,0,"0,10%",3,"0,08%"
08/02/2025,242,5,"2,07%",2,1,1,1,"0,83%",3,"1,24%"
09/02/2025,204,1,"0,49%",0,1,0,0,"0,00%",1,"0,49%"
10/02/2025,5687,9,"0,16%",2,5,0,2,"0,04%",7,"0,12%"
11/02/2025,4353,17,"0,39%",5,10,1,1,"0,11%",12,"0,28%"
12/02/2025,4070,14,"0,34%",5,6,0,3,"0,12%",9,"0,22%"
13/02/2025,3952,21,"0,53%",12,5,2,2,"0,30%",9,"0,23%"
14/02/2025,7581,26,"0,34%",15,10,1,0,"0,20%",11,"0,15%"
15/02/2025,203,0,"0,00%",0,0,0,0,"0,00%",0,"0,00%"
16/02/2025,145,2,"1,38%",2,0,0,0,"1,38%",0,"0,00%"
17/02/2025,4177,21,"0,50%",10,7,2,2,"0,24%",11,"0,26%"
18/02/2025,3658,13,"0,36%",7,6,0,0,"0,19%",6,"0,16%"
19/02/2025,3681,13,"0,35%",6,7,0,0,"0,16%",7,"0,19%"
20/02/2025,3524,12,"0,34%",4,5,1,2,"0,11%",8,"0,23%"
21/02/2025,2988,13,"0,44%",5,5,2,1,"0,17%",8,"0,27%"
22/02/2025,238,1,"0,42%",0,1,0,0,"0,00%",1,"0,42%"
23/02/2025,156,1,"0,64%",1,0,0,0,"0,64%",0,"0,00%"
24/02/2025,3695,10,"0,27%",3,3,0,4,"0,08%",7,"0,19%"
25/02/2025,3558,8,"0,22%",3,2,1,2,"0,08%",5,"0,14%"
26/02/2025,3235,10,"0,31%",3,4,1,2,"0,09%",7,"0,22%"
27/02/2025,3146,13,"0,41%",5,3,1,4,"0,16%",8,"0,25%"
28/02/2025,2687,9,"0,33%",2,4,2,1,"0,07%",7,"0,26%"
01/03/2025,145,2,"1,38%",0,0,0,2,"0,00%",2,"1,38%"
02/03/2025,80,0,"0,00%",0,0,0,0,"0,00%",0,"0,00%"
03/03/2025,591,6,"1,02%",2,2,1,1,"0,34%",4,"0,68%"
04/03/2025,436,1,"0,23%",1,0,0,0,"0,23%",0,"0,00%"
05/03/2025,2770,15,"0,54%",5,5,0,5,"0,18%",10,"0,36%"
06/03/2025,3992,10,"0,25%",6,2,0,2,"0,15%",4,"0,10%"
07/03/2025,4227,15,"0,35%",6,5,2,2,"0,14%",9,"0,21%"
08/03/2025,293,1,"0,34%",1,0,0,0,"0,34%",0,"0,00%"
09/03/2025,152,1,"0,66%",1,0,0,0,"0,66%",0,"0,00%"
10/03/2025,5156,23,"0,45%",19,4,0,0,"0,37%",4,"0,08%"
11/03/2025,5704,28,"0,49%",11,11,5,1,"0,19%",17,"0,30%"
12/03/2025,4877,29,"0,59%",17,8,2,2,"0,35%",12,"0,25%"
13/03/2025,3933,17,"0,43%",7,6,1,3,"0,18%",10,"0,25%"
14/03/2025,3230,21,"0,65%",5,11,4,1,"0,15%",16,"0,50%"
15/03/2025,215,5,"2,33%",4,0,0,1,"1,86%",1,"0,47%"
16/03/2025,149,2,"1,34%",2,0,0,0,"1,34%",0,"0,00%"
17/03/2025,4054,13,"0,32%",6,6,0,1,"0,15%",7,"0,17%"
18/03/2025,3557,25,"0,70%",10,11,2,2,"0,28%",15,"0,42%"
19/03/2025,3452,18,"0,52%",7,8,0,3,"0,20%",11,"0,32%"
20/03/2025,3337,16,"0,48%",6,7,0,3,"0,18%",10,"0,30%"
21/03/2025,4285,19,"0,44%",11,6,2,0,"0,26%",8,"0,19%"
22/03/2025,205,2,"0,98%",2,0,0,0,"0,98%",0,"0,00%"
23/03/2025,123,1,"0,81%",0,1,0,0,"0,00%",1,"0,81%"
24/03/2025,3542,13,"0,37%",8,1,3,1,"0,23%",5,"0,14%"
25/03/2025,3353,12,"0,36%",3,5,3,1,"0,09%",9,"0,27%"
26/03/2025,3438,10,"0,29%",6,3,0,1,"0,17%",4,"0,12%"
27/03/2025,3442,10,"0,29%",5,3,0,2,"0,15%",5,"0,15%"
28/03/2025,2860,11,"0,38%",6,2,3,0,"0,21%",5,"0,17%"
29/03/2025,211,2,"0,95%",2,0,0,0,"0,95%",0,"0,00%"
30/03/2025,120,1,"0,83%",1,0,0,0,"0,83%",0,"0,00%"
31/03/2025,3483,10,"0,29%",5,4,1,0,"0,14%",5,"0,14%"
01/04/2025,3773,12,"0,32%",8,0,2,2,"0,21%",4,"0,11%"
02/04/2025,3617,10,"0,28%",4,6,0,0,"0,11%",6,"0,17%"
03/04/2025,4046,15,"0,37%",8,4,1,2,"0,20%",7,"0,17%"
04/04/2025,3800,12,"0,32%",8,3,0,1,"0,21%",4,"0,11%"
05/04/2025,314,5,"1,59%",2,3,0,0,"0,64%",3,"0,96%"
06/04/2025,158,1,"0,63%",1,0,0,0,"0,63%",0,"0,00%"
07/04/2025,4018,16,"0,40%",11,4,1,0,"0,27%",5,"0,12%"
08/04/2025,3876,9,"0,23%",5,3,1,0,"0,13%",4,"0,10%"
09/04/2025,3938,12,"0,30%",6,3,3,0,"0,15%",6,"0,15%"
10/04/2025,3633,18,"0,50%",8,7,1,2,"0,22%",10,"0,28%"
11/04/2025,2695,15,"0,56%",7,6,0,2,"0,26%",8,"0,30%"
12/04/2025,193,1,"0,52%",0,1,0,0,"0,00%",1,"0,52%"
13/04/2025,112,0,"0,00%",0,0,0,0,"0,00%",0,"0,00%"
14/04/2025,3371,12,"0,36%",6,4,0,2,"0,18%",6,"0,18%"
15/04/2025,3066,14,"0,46%",5,4,1,4,"0,16%",9,"0,29%"
16/04/2025,2903,13,"0,45%",6,3,3,1,"0,21%",7,"0,24%"
17/04/2025,2562,15,"0,59%",4,5,5,1,"0,16%",11,"0,43%"
18/04/2025,126,2,"1,59%",1,1,0,0,"0,79%",1,"0,79%"
19/04/2025,149,0,"0,00%",0,0,0,0,"0,00%",0,"0,00%"
20/04/2025,55,1,"1,82%",0,1,0,0,"0,00%",1,"1,82%"
21/04/2025,215,2,"0,93%",0,2,0,0,"0,00%",2,"0,93%"
22/04/2025,3336,10,"0,30%",3,1,4,2,"0,09%",7,"0,21%"
23/04/2025,3136,18,"0,57%",5,10,1,2,"0,16%",13,"0,41%"
24/04/2025,3534,12,"0,34%",2,7,1,2,"0,06%",10,"0,28%"
25/04/2025,2952,10,"0,34%",6,1,2,1,"0,20%",4,"0,14%"
26/04/2025,187,2,"1,07%",2,0,0,0,"1,07%",0,"0,00%"
27/04/2025,141,1,"0,71%",0,1,0,0,"0,00%",1,"0,71%"
28/04/2025,3593,5,"0,14%",1,1,2,1,"0,03%",4,"0,11%"
29/04/2025,3361,13,"0,39%",4,3,0,6,"0,12%",9,"0,27%"
30/04/2025,3353,7,"0,21%",5,1,1,0,"0,15%",2,"0,06%"
01/05/2025,212,6,"2,83%",2,1,2,1,"0,94%",4,"1,89%"
02/05/2025,3249,12,"0,37%",4,4,0,4,"0,12%",8,"0,25%"
03/05/2025,239,3,"1,26%",2,0,1,0,"0,84%",1,"0,42%"
04/05/2025,145,1,"0,69%",0,0,0,1,"0,00%",1,"0,69%"
05/05/2025,5525,18,"0,33%",9,5,0,4,"0,16%",9,"0,16%"
06/05/2025,4085,18,"0,44%",9,5,2,2,"0,22%",9,"0,22%"
07/05/2025,4049,11,"0,27%",5,4,1,1,"0,12%",6,"0,15%"
08/05/2025,3624,7,"0,19%",4,2,0,1,"0,11%",3,"0,08%"
09/05/2025,3388,14,"0,41%",3,7,2,2,"0,09%",11,"0,32%"
10/05/2025,257,3,"1,17%",1,2,0,0,"0,39%",2,"0,78%"
11/05/2025,137,1,"0,73%",0,1,0,0,"0,00%",1,"0,73%"
12/05/2025,4834,12,"0,25%",5,5,0,2,"0,10%",7,"0,14%"
13/05/2025,3948,15,"0,38%",6,5,4,0,"0,15%",9,"0,23%"
14/05/2025,3595,29,"0,81%",14,15,0,0,"0,39%",15,"0,42%"
15/05/2025,4065,23,"0,57%",6,11,4,2,"0,15%",17,"0,42%"
16/05/2025,3506,20,"0,57%",6,10,2,2,"0,17%",14,"0,40%"
17/05/2025,180,3,"1,67%",2,1,0,0,"1,11%",1,"0,56%"
18/05/2025,118,2,"1,69%",1,0,1,0,"0,85%",1,"0,85%"
19/05/2025,3666,25,"0,68%",10,10,1,4,"0,27%",15,"0,41%"
20/05/2025,3389,8,"0,24%",2,4,0,2,"0,06%",6,"0,18%"
21/05/2025,3337,15,"0,45%",6,6,1,2,"0,18%",9,"0,27%"
22/05/2025,3202,14,"0,44%",3,4,5,2,"0,09%",11,"0,34%"
23/05/2025,2832,13,"0,46%",6,5,1,1,"0,21%",7,"0,25%"
24/05/2025,187,1,"0,53%",1,0,0,0,"0,53%",0,"0,00%"
25/05/2025,133,0,"0,00%",0,0,0,0,"0,00%",0,"0,00%"
26/05/2025,3431,16,"0,47%",4,5,4,3,"0,12%",12,"0,35%"
27/05/2025,3691,12,"0,33%",7,2,2,1,"0,19%",5,"0,14%"
28/05/2025,3297,6,"0,18%",4,1,1,0,"0,12%",2,"0,06%"
29/05/2025,3009,15,"0,50%",8,4,1,2,"0,27%",7,"0,23%"
30/05/2025,2607,10,"0,38%",3,3,2,2,"0,12%",7,"0,27%"
31/05/2025,191,0,"0,00%",0,0,0,0,"0,00%",0,"0,00%"
01/06/2025,136,2,"1,47%",2,0,0,0,"1,47%",0,"0,00%"
02/06/2025,3343,9,"0,27%",6,3,0,0,"0,18%",3,"0,09%"
03/06/2025,3610,18,"0,50%",10,5,0,3,"0,28%",8,"0,22%"
04/06/2025,3765,9,"0,24%",4,2,1,2,"0,11%",5,"0,13%"
05/06/2025,3578,16,"0,45%",6,6,1,3,"0,17%",10,"0,28%"
06/06/2025,3130,8,"0,26%",5,1,0,2,"0,16%",3,"0,10%"
07/06/2025,217,2,"0,92%",1,1,0,0,"0,46%",1,"0,46%"
08/06/2025,183,0,"0,00%",0,0,0,0,"0,00%",0,"0,00%"
09/06/2025,4954,18,"0,36%",6,8,3,1,"0,12%",12,"0,24%"
10/06/2025,4478,12,"0,27%",1,5,2,4,"0,02%",11,"0,25%"
11/06/2025,3867,11,"0,28%",5,3,3,0,"0,13%",6,"0,16%"
12/06/2025,3283,6,"0,18%",3,1,1,1,"0,09%",3,"0,09%"
13/06/2025,4242,13,"0,31%",3,5,4,1,"0,07%",10,"0,24%"
14/06/2025,208,2,"0,96%",1,0,0,1,"0,48%",1,"0,48%"
15/06/2025,118,1,"0,85%",0,0,1,0,"0,00%",1,"0,85%"
16/06/2025,4406,7,"0,16%",6,1,0,0,"0,14%",1,"0,02%"
17/06/2025,3314,6,"0,18%",1,0,3,2,"0,03%",5,"0,15%"
18/06/2025,3331,11,"0,33%",4,4,3,0,"0,12%",7,"0,21%"
19/06/2025,235,0,"0,00%",0,0,0,0,"0,00%",0,"0,00%"
20/06/2025,2363,10,"0,42%",5,2,1,2,"0,21%",5,"0,21%"
21/06/2025,183,1,"0,55%",1,0,0,0,"0,55%",0,"0,00%"
22/06/2025,123,0,"0,00%",0,0,0,0,"0,00%",0,"0,00%"
23/06/2025,2989,5,"0,17%",2,0,1,2,"0,07%",3,"0,10%"
24/06/2025,2994,5,"0,17%",1,2,1,1,"0,03%",4,"0,13%"
25/06/2025,2956,9,"0,30%",0,1,5,3,"0,00%",9,"0,30%"
26/06/2025,3495,8,"0,23%",5,2,0,1,"0,14%",3,"0,09%"
27/06/2025,2412,2,"0,08%",1,0,1,0,"0,04%",1,"0,04%"
28/06/2025,187,1,"0,53%",0,0,1,0,"0,00%",1,"0,53%"
29/06/2025,111,0,"0,00%",0,0,0,0,"0,00%",0,"0,00%"
30/06/2025,3023,10,"0,33%",9,0,1,0,"0,30%",1,"0,03%"
01/07/2025,3265,7,"0,21%",4,0,2,1,"0,12%",3,"0,09%"
02/07/2025,3454,9,"0,26%",7,0,1,1,"0,20%",2,"0,06%"
03/07/2025,3715,15,"0,40%",9,4,2,0,"0,24%",6,"0,16%"
04/07/2025,3000,16,"0,53%",8,4,3,1,"0,27%",8,"0,27%"
05/07/2025,183,2,"1,09%",1,0,1,0,"0,55%",1,"0,55%"
06/07/2025,137,1,"0,73%",1,0,0,0,"0,73%",0,"0,00%"
07/07/2025,3312,7,"0,21%",2,3,1,1,"0,06%",5,"0,15%"
08/07/2025,3126,10,"0,32%",4,2,1,3,"0,13%",6,"0,19%"
09/07/2025,2027,2,"0,10%",1,1,0,0,"0,05%",1,"0,05%"
10/07/2025,3142,4,"0,13%",2,1,1,0,"0,06%",2,"0,06%"
11/07/2025,2615,11,"0,42%",7,4,0,0,"0,27%",4,"0,15%"
12/07/2025,193,1,"0,52%",0,0,0,1,"0,00%",1,"0,52%"
13/07/2025,92,0,"0,00%",0,0,0,0,"0,00%",0,"0,00%"
14/07/2025,3197,6,"0,19%",2,1,2,1,"0,06%",4,"0,13%"
15/07/2025,3147,10,"0,32%",4,1,3,2,"0,13%",6,"0,19%"
16/07/2025,3217,7,"0,22%",3,3,0,1,"0,09%",4,"0,12%"
17/07/2025,3004,7,"0,23%",3,1,2,1,"0,10%",4,"0,13%"
18/07/2025,2445,6,"0,25%",4,1,1,0,"0,16%",2,"0,08%"
19/07/2025,185,1,"0,54%",0,0,0,1,"0,00%",1,"0,54%"
20/07/2025,104,2,"1,92%",0,1,0,1,"0,00%",2,"1,92%"
21/07/2025,3708,10,"0,27%",4,4,2,0,"0,11%",6,"0,16%"
22/07/2025,3049,8,"0,26%",2,3,3,0,"0,07%",6,"0,20%"
23/07/2025,2975,15,"0,50%",5,3,4,3,"0,17%",10,"0,34%"
24/07/2025,3069,5,"0,16%",3,1,1,0,"0,10%",2,"0,07%"
25/07/2025,2859,6,"0,21%",2,2,0,2,"0,07%",4,"0,14%"
26/07/2025,149,1,"0,67%",1,0,0,0,"0,67%",0,"0,00%"
27/07/2025,89,2,"2,25%",1,0,0,1,"1,12%",1,"1,12%"
28/07/2025,4243,11,"0,26%",7,2,1,1,"0,16%",4,"0,09%"
29/07/2025,4279,14,"0,33%",6,3,2,3,"0,14%",8,"0,19%"
30/07/2025,3106,3,"0,10%",3,0,0,0,"0,10%",0,"0,00%"
31/07/2025,3106,3,"0,10%",1,0,1,1,"0,03%",2,"0,06%"
01/08/2025,2895,5,"0,17%",3,0,1,1,"0,10%",2,"0,07%"
02/08/2025,217,4,"1,84%",3,1,0,0,"1,38%",1,"0,46%"
03/08/2025,117,0,"0,00%",0,0,0,0,"0,00%",0,"0,00%"
04/08/2025,3868,8,"0,21%",4,1,2,1,"0,10%",4,"0,10%"
05/08/2025,3998,8,"0,20%",4,1,1,2,"0,10%",4,"0,10%"
06/08/2025,3689,16,"0,43%",6,5,2,3,"0,16%",10,"0,27%"
07/08/2025,3564,5,"0,14%",1,3,0,1,"0,03%",4,"0,11%"
08/08/2025,3137,4,"0,13%",1,1,1,1,"0,03%",3,"0,10%"
09/08/2025,190,4,"2,11%",2,1,1,0,"1,05%",2,"1,05%"
10/08/2025,90,0,"0,00%",0,0,0,0,"0,00%",0,"0,00%"
11/08/2025,3451,4,"0,12%",2,2,0,0,"0,06%",2,"0,06%"
12/08/2025,3304,10,"0,30%",6,2,1,1,"0,18%",4,"0,12%"
13/08/2025,3210,3,"0,09%",2,0,0,1,"0,06%",1,"0,03%"
14/08/2025,3365,5,"0,15%",4,0,0,1,"0,12%",1,"0,03%"
15/08/2025,2598,5,"0,19%",3,0,2,0,"0,12%",2,"0,08%"
16/08/2025,189,1,"0,53%",0,0,0,1,"0,00%",1,"0,53%"
17/08/2025,149,0,"0,00%",0,0,0,0,"0,00%",0,"0,00%"
18/08/2025,5043,12,"0,24%",7,3,2,0,"0,14%",5,"0,10%"
19/08/2025,4300,11,"0,26%",6,2,1,2,"0,14%",5,"0,12%"
20/08/2025,3570,8,"0,22%",4,3,1,0,"0,11%",4,"0,11%"
21/08/2025,3473,7,"0,20%",3,1,1,2,"0,09%",4,"0,12%"
22/08/2025,3473,7,"0,20%",5,1,1,0,"0,14%",2,"0,06%"
23/08/2025,225,1,"0,44%",1,0,0,0,"0,44%",0,"0,00%"
24/08/2025,163,1,"0,61%",1,0,0,0,"0,61%",0,"0,00%"
25/08/2025,4844,7,"0,14%",5,0,1,1,"0,10%",2,"0,04%"
26/08/2025,4990,10,"0,20%",4,1,1,4,"0,08%",6,"0,12%"
27/08/2025,3729,11,"0,29%",5,1,3,2,"0,13%",6,"0,16%"
28/08/2025,3351,12,"0,36%",8,1,3,0,"0,24%",4,"0,12%"
29/08/2025,3149,7,"0,22%",3,3,0,1,"0,10%",4,"0,13%"
30/08/2025,225,2,"0,89%",2,0,0,0,"0,89%",0,"0,00%"
31/08/2025,185,0,"0,00%",0,0,0,0,"0,00%",0,"0,00%"
01/09/2025,4462,5,"0,11%",3,0,1,1,"0,07%",2,"0,04%"
02/09/2025,3987,9,"0,23%",6,1,2,0,"0,15%",3,"0,08%"
03/09/2025,3924,11,"0,28%",5,3,2,1,"0,13%",6,"0,15%"
04/09/2025,3825,12,"0,31%",6,4,1,1,"0,16%",6,"0,16%"
05/09/2025,3002,6,"0,20%",2,2,0,2,"0,07%",4,"0,13%"
06/09/2025,162,2,"1,23%",2,0,0,0,"1,23%",0,"0,00%"
07/09/2025,115,1,"0,87%",1,0,0,0,"0,87%",0,"0,00%"
08/09/2025,3396,5,"0,15%",4,0,0,1,"0,12%",1,"0,03%"
09/09/2025,3489,7,"0,20%",2,3,0,2,"0,06%",5,"0,14%"
10/09/2025,3263,6,"0,18%",4,1,0,1,"0,12%",2,"0,06%"
11/09/2025,3180,10,"0,31%",3,3,2,2,"0,09%",7,"0,22%"
12/09/2025,2984,7,"0,23%",5,2,0,0,"0,17%",2,"0,07%"
13/09/2025,184,3,"1,63%",1,0,1,1,"0,54%",2,"1,09%"
14/09/2025,98,1,"1,02%",0,1,0,0,"0,00%",1,"1,02%"
15/09/2025,3537,5,"0,14%",3,0,0,2,"0,08%",2,"0,06%"
16/09/2025,3204,3,"0,09%",1,0,1,1,"0,03%",2,"0,06%"
17/09/2025,3486,8,"0,23%",2,4,1,1,"0,06%",6,"0,17%"
18/09/2025,3504,9,"0,26%",3,1,1,4,"0,09%",6,"0,17%"
19/09/2025,3087,5,"0,16%",3,2,0,0,"0,10%",2,"0,06%"
20/09/2025,159,0,"0,00%",0,0,0,0,"0,00%",0,"0,00%"
21/09/2025,103,1,"0,97%",1,0,0,0,"0,97%",0,"0,00%"
22/09/2025,3094,8,"0,26%",5,1,1,1,"0,16%",3,"0,10%"
23/09/2025,3232,6,"0,19%",2,1,2,1,"0,06%",4,"0,12%"
24/09/2025,3086,7,"0,23%",3,1,1,2,"0,10%",4,"0,13%"
25/09/2025,3191,2,"0,06%",0,1,1,0,"0,00%",2,"0,06%"
26/09/2025,2596,6,"0,23%",2,3,1,0,"0,08%",4,"0,15%"
27/09/2025,194,0,"0,00%",0,0,0,0,"0,00%",0,"0,00%"
28/09/2025,127,0,"0,00%",0,0,0,0,"0,00%",0,"0,00%"
29/09/2025,4087,7,"0,17%",4,1,0,2,"0,10%",3,"0,07%"
30/09/2025,3480,7,"0,20%",3,2,1,1,"0,09%",4,"0,11%"
01/10/2025,3601,7,"0,19%",4,2,1,0,"0,11%",3,"0,08%"
02/10/2025,3845,9,"0,23%",3,3,1,2,"0,08%",6,"0,16%"
03/10/2025,3477,6,"0,17%",3,2,0,1,"0,09%",3,"0,09%"
04/10/2025,253,2,"0,79%",0,2,0,0,"0,00%",2,"0,79%"
05/10/2025,149,3,"2,01%",3,0,0,0,"2,01%",0,"0,00%"
06/10/2025,4435,15,"0,34%",11,0,2,2,"0,25%",4,"0,09%"
07/10/2025,3948,6,"0,15%",4,0,2,0,"0,10%",2,"0,05%"
08/10/2025,3629,11,"0,30%",7,3,1,0,"0,19%",4,"0,11%"
09/10/2025,3493,9,"0,26%",3,3,2,1,"0,09%",6,"0,17%"
10/10/2025,3138,8,"0,25%",6,2,0,0,"0,19%",2,"0,06%"
11/10/2025,222,0,"0,00%",0,0,0,0,"0,00%",0,"0,00%"
12/10/2025,121,0,"0,00%",0,0,0,0,"0,00%",0,"0,00%"
13/10/2025,3657,10,"0,27%",4,2,2,2,"0,11%",6,"0,16%"
14/10/2025,3594,11,"0,31%",5,1,3,2,"0,14%",6,"0,17%"
15/10/2025,3684,15,"0,41%",7,6,0,2,"0,19%",8,"0,22%"
16/10/2025,3616,5,"0,14%",3,1,0,1,"0,08%",2,"0,06%"
17/10/2025,3060,7,"0,23%",2,4,0,1,"0,07%",5,"0,16%"
18/10/2025,223,2,"0,90%",1,0,0,1,"0,45%",1,"0,45%"
19/10/2025,133,0,"0,00%",0,0,0,0,"0,00%",0,"0,00%"
20/10/2025,3327,5,"0,15%",2,2,0,1,"0,06%",3,"0,09%"
21/10/2025,4094,16,"0,39%",9,5,0,2,"0,22%",7,"0,17%"
22/10/2025,3520,5,"0,14%",2,0,0,3,"0,06%",3,"0,09%"
23/10/2025,4418,16,"0,36%",7,1,4,4,"0,16%",9,"0,20%"
24/10/2025,3029,17,"0,56%",12,2,2,1,"0,40%",5,"0,17%"
25/10/2025,193,3,"1,55%",1,0,1,1,"0,52%",2,"1,04%"
26/10/2025,119,0,"0,00%",0,0,0,0,"0,00%",0,"0,00%"
27/10/2025,3647,11,"0,30%",4,3,1,3,"0,11%",7,"0,19%"
28/10/2025,3454,13,"0,38%",6,2,1,4,"0,17%",7,"0,20%"
29/10/2025,3447,9,"0,26%",6,3,0,0,"0,17%",3,"0,09%"
30/10/2025,3511,13,"0,37%",5,3,2,3,"0,14%",8,"0,23%"
31/10/2025,3442,5,"0,15%",5,0,0,0,"0,15%",0,"0,00%"
01/11/2025,219,2,"0,91%",2,0,0,0,"0,91%",0,"0,00%"
02/11/2025,132,1,"0,76%",1,0,0,0,"0,76%",0,"0,00%"
03/11/2025,4020,12,"0,30%",5,3,2,2,"0,12%",7,"0,17%"
04/11/2025,4796,17,"0,35%",11,5,1,0,"0,23%",6,"0,13%"
05/11/2025,3721,21,"0,56%",10,5,4,2,"0,27%",11,"0,30%"
06/11/2025,3825,20,"0,52%",9,6,2,3,"0,24%",11,"0,29%"
07/11/2025,3070,15,"0,49%",9,5,1,0,"0,29%",6,"0,20%"
08/11/2025,187,0,"0,00%",0,0,0,0,"0,00%",0,"0,00%"
09/11/2025,109,0,"0,00%",0,0,0,0,"0,00%",0,"0,00%"
10/11/2025,3654,17,"0,47%",8,6,1,2,"0,22%",9,"0,25%"
11/11/2025,3566,13,"0,36%",6,3,3,1,"0,17%",7,"0,20%"
12/11/2025,3400,8,"0,24%",3,1,2,2,"0,09%",5,"0,15%"
13/11/2025,3297,11,"0,33%",5,3,2,1,"0,15%",6,"0,18%"
14/11/2025,2714,7,"0,26%",2,3,1,1,"0,07%",5,"0,18%"
15/11/2025,131,1,"0,76%",1,0,0,0,"0,76%",0,"0,00%"
16/11/2025,80,0,"0,00%",0,0,0,0,"0,00%",0,"0,00%"
17/11/2025,3341,15,"0,45%",3,5,7,0,"0,09%",12,"0,36%"
18/11/2025,3276,5,"0,15%",5,0,0,0,"0,15%",0,"0,00%"
19/11/2025,3191,10,"0,31%",7,1,2,0,"0,22%",3,"0,09%"
20/11/2025,271,1,"0,37%",1,0,0,0,"0,37%",0,"0,00%"
21/11/2025,2679,12,"0,45%",7,1,2,2,"0,26%",5,"0,19%"
22/11/2025,182,2,"1,10%",1,0,1,0,"0,55%",1,"0,55%"
23/11/2025,126,0,"0,00%",0,0,0,0,"0,00%",0,"0,00%"
24/11/2025,3340,5,"0,15%",5,0,0,0,"0,15%",0,"0,00%"
25/11/2025,3216,7,"0,22%",2,2,0,3,"0,06%",5,"0,16%"
26/11/2025,3174,7,"0,22%",3,4,0,0,"0,09%",4,"0,13%"
27/11/2025,2919,11,"0,38%",4,1,4,2,"0,14%",7,"0,24%"
28/11/2025,2742,5,"0,18%",1,2,2,0,"0,04%",4,"0,15%"
29/11/2025,212,1,"0,47%",0,1,0,0,"0,00%",1,"0,47%"
30/11/2025,113,1,"0,88%",0,1,0,0,"0,00%",1,"0,88%"
01/12/2025,4812,2,"0,04%",2,0,0,0,"0,04%",0,"0,00%"
02/12/2025,3534,19,"0,54%",4,3,8,4,"0,11%",15,"0,42%"
03/12/2025,3821,11,"0,29%",4,3,0,4,"0,10%",7,"0,18%"
04/12/2025,3460,14,"0,40%",4,5,2,3,"0,12%",10,"0,29%"
05/12/2025,3463,10,"0,29%",4,5,0,1,"0,12%",6,"0,17%"
06/12/2025,197,1,"0,51%",1,0,0,0,"0,51%",0,"0,00%"
07/12/2025,123,0,"0,00%",0,0,0,0,"0,00%",0,"0,00%"
08/12/2025,3010,8,"0,27%",5,1,1,1,"0,17%",3,"0,10%"
09/12/2025,3235,16,"0,49%",7,3,5,1,"0,22%",9,"0,28%"
10/12/2025,2835,6,"0,21%",4,1,0,1,"0,14%",2,"0,07%"
11/12/2025,3208,3,"0,09%",2,1,0,0,"0,06%",1,"0,03%"
12/12/2025,2588,2,"0,08%",1,0,1,0,"0,04%",1,"0,04%"
13/12/2025,188,3,"1,60%",1,2,0,0,"0,53%",2,"1,06%"
14/12/2025,199,1,"0,50%",0,0,0,0,"0,00%",1,"0,50%"
15/12/2025,3073,10,"0,33%",4,2,1,1,"0,13%",6,"0,20%"
16/12/2025,3006,4,"0,13%",1,0,0,0,"0,03%",3,"0,10%"
17/12/2025,3264,4,"0,12%",2,1,0,0,"0,06%",2,"0,06%"
18/12/2025,3224,7,"0,22%",1,0,0,1,"0,03%",6,"0,19%"
19/12/2025,3225,2,"0,06%",1,1,0,0,"0,03%",1,"0,03%"
20/12/2025,158,0,"0,00%",0,0,0,0,"0,00%",0,"0,00%"
21/12/2025,86,0,"0,00%",0,0,0,0,"0,00%",0,"0,00%"
22/12/2025,2329,4,"0,17%",0,0,2,0,"0,00%",4,"0,17%"
23/12/2025,1888,2,"0,11%",0,0,0,0,"0,00%",2,"0,11%"
24/12/2025,412,2,"0,49%",1,1,0,0,"0,24%",1,"0,24%"
25/12/2025,0,1,"0,00%",0,1,0,0,"0,00%",1,"0,00%"
26/12/2025,1557,0,"0,00%",0,0,0,0,"0,00%",0,"0,00%"
27/12/2025,176,2,"1,14%",1,0,0,0,"0,57%",1,"0,57%"
28/12/2025,112,0,"0,00%",0,0,0,0,"0,00%",0,"0,00%"
29/12/2025,2425,7,"0,29%",0,1,0,0,"0,00%",7,"0,29%"
30/12/2025,1699,1,"0,06%",0,0,0,0,"0,00%",1,"0,06%"
31/12/2025,345,0,"0,00%",0,0,0,0,"0,00%",0,"0,00%"
01/01/2026,109,0,"0,00%",0,0,0,0,"0,00%",0,"0,00%"
02/01/2026,2326,1,"0,04%",0,0,0,0,"0,00%",1,"0,04%"
03/01/2026,204,0,"0,00%",0,0,0,0,"0,00%",0,"0,00%"
04/01/2026,167,0,"0,00%",0,0,0,0,"0,00%",0,"0,00%"
05/01/2026,5615,14,"0,25%",2,2,1,0,"0,04%",12,"0,21%"
06/01/2026,4777,9,"0,19%",3,1,0,0,"0,06%",6,"0,13%"
07/01/2026,4256,15,"0,35%",4,2,0,0,"0,09%",11,"0,26%"
08/01/2026,4276,20,"0,47%",3,1,1,0,"0,07%",17,"0,40%"
09/01/2026,3742,7,"0,19%",1,1,0,0,"0,03%",6,"0,16%"
10/01/2026,249,2,"0,80%",0,0,0,0,"0,00%",2,"0,80%"
11/01/2026,138,0,"0,00%",0,0,0,0,"0,00%",0,"0,00%"
12/01/2026,4047,8,"0,20%",2,0,0,1,"0,05%",6,"0,15%"
13/01/2026,3821,3,"0,08%",2,0,0,0,"0,05%",1,"0,03%"
14/01/2026,4044,8,"0,20%",2,1,0,0,"0,05%",6,"0,15%"
15/01/2026,3436,11,"0,32%",5,1,0,0,"0,15%",6,"0,17%"
16/01/2026,3890,6,"0,15%",5,0,0,0,"0,13%",1,"0,03%"
17/01/2026,260,4,"1,54%",1,0,0,0,"0,38%",3,"1,15%"
18/01/2026,160,1,"0,63%",0,0,0,0,"0,00%",1,"0,63%"
19/01/2026,3868,10,"0,26%",1,0,0,0,"0,03%",9,"0,23%"
20/01/2026,3626,3,"0,08%",2,0,0,0,"0,06%",1,"0,03%"
21/01/2026,3724,4,"0,11%",0,0,0,0,"0,00%",4,"0,11%"
22/01/2026,3597,3,"0,08%",2,0,0,0,"0,06%",1,"0,03%"
23/01/2026,3241,7,"0,22%",1,0,1,0,"0,03%",6,"0,19%"
24/01/2026,224,2,"0,89%",0,1,0,0,"0,00%",2,"0,89%"
25/01/2026,109,0,"0,00%",0,0,0,0,"0,00%",0,"0,00%"
26/01/2026,3487,9,"0,26%",2,0,0,2,"0,06%",7,"0,20%"
27/01/2026,3716,3,"0,08%",2,0,0,0,"0,05%",1,"0,03%"
28/01/2026,3600,6,"0,17%",0,0,0,0,"0,00%",6,"0,17%"
29/01/2026,3545,6,"0,17%",2,0,0,0,"0,06%",4,"0,11%"
30/01/2026,3380,5,"0,15%",2,0,0,0,"0,06%",3,"0,09%"
31/01/2026,261,0,"0,00%",0,0,0,0,"0,00%",0,"0,00%"
01/02/2026,166,0,"0,00%",0,0,0,0,"0,00%",0,"0,00%"
02/02/2026,4502,8,"0,18%",1,0,0,0,"0,02%",7,"0,16%"
03/02/2026,4567,11,"0,24%",6,0,0,1,"0,13%",5,"0,11%"
04/02/2026,4586,17,"0,37%",1,1,0,1,"0,02%",16,"0,35%"
05/02/2026,4128,9,"0,22%",1,1,0,0,"0,02%",8,"0,19%"
06/02/2026,3475,10,"0,29%",2,2,0,0,"0,06%",8,"0,23%"
07/02/2026,279,1,"0,36%",0,0,0,0,"0,00%",1,"0,36%"
08/02/2026,160,0,"0,00%",0,0,0,0,"0,00%",0,"0,00%"
09/02/2026,4047,7,"0,17%",4,0,0,0,"0,10%",3,"0,07%"
10/02/2026,3976,9,"0,23%",2,0,0,0,"0,05%",7,"0,18%"
11/02/2026,3937,8,"0,20%",3,0,0,1,"0,08%",5,"0,13%"
12/02/2026,4068,12,"0,29%",4,0,1,1,"0,10%",8,"0,20%"
13/02/2026,3243,6,"0,19%",3,0,0,0,"0,09%",3,"0,09%"
14/02/2026,213,0,"0,00%",0,0,0,0,"0,00%",0,"0,00%"
15/02/2026,95,0,"0,00%",0,0,0,0,"0,00%",0,"0,00%"
16/02/2026,593,3,"0,51%",0,0,0,0,"0,00%",3,"0,51%"
17/02/2026,374,4,"1,07%",1,0,0,1,"0,27%",3,"0,80%"
18/02/2026,2603,12,"0,46%",1,0,1,0,"0,04%",11,"0,42%"
19/02/2026,3709,6,"0,16%",0,1,1,0,"0,00%",6,"0,16%"
20/02/2026,3585,8,"0,22%",4,0,0,0,"0,11%",4,"0,11%"
21/02/2026,264,0,"0,00%",0,0,0,0,"0,00%",0,"0,00%"
22/02/2026,153,0,"0,00%",0,0,0,0,"0,00%",0,"0,00%"
23/02/2026,3717,6,"0,16%",3,1,0,0,"0,08%",3,"0,08%"
24/02/2026,3778,10,"0,26%",2,0,0,0,"0,05%",8,"0,21%"
25/02/2026,4182,7,"0,17%",3,0,0,0,"0,07%",4,"0,10%"
26/02/2026,4289,10,"0,23%",3,0,0,0,"0,07%",7,"0,16%"
27/02/2026,3773,11,"0,29%",4,0,0,0,"0,11%",7,"0,19%"
28/02/2026,276,3,"1,09%",1,0,0,0,"0,36%",2,"0,72%"
01/03/2026,156,0,"0,00%",0,0,0,0,"0,00%",0,"0,00%"
02/03/2026,4090,6,"0,15%",2,0,0,0,"0,05%",4,"0,10%"
03/03/2026,4115,12,"0,29%",2,0,1,0,"0,05%",10,"0,24%"
04/03/2026,3897,26,"0,67%",2,3,1,0,"0,05%",24,"0,62%"
05/03/2026,3878,14,"0,36%",5,1,1,0,"0,13%",9,"0,23%"
06/03/2026,4757,30,"0,63%",0,1,0,1,"0,00%",30,"0,63%"
07/03/2026,225,2,"0,89%",0,0,0,0,"0,00%",2,"0,89%"
08/03/2026,179,1,"0,56%",0,0,0,0,"0,00%",1,"0,56%"
09/03/2026,3879,9,"0,23%",1,0,0,0,"0,03%",8,"0,21%"
10/03/2026,3937,5,"0,13%",1,1,0,0,"0,03%",4,"0,10%"
11/03/2026,3573,9,"0,25%",1,0,0,1,"0,03%",8,"0,22%"
12/03/2026,3603,8,"0,22%",1,0,0,0,"0,03%",7,"0,19%"
13/03/2026,3010,10,"0,33%",2,1,0,0,"0,07%",8,"0,27%"
14/03/2026,246,1,"0,41%",0,0,0,0,"0,00%",1,"0,41%"
15/03/2026,114,0,"0,00%",0,0,0,0,"0,00%",0,"0,00%"
16/03/2026,3016,10,"0,33%",2,0,1,0,"0,07%",8,"0,27%"
17/03/2026,2829,5,"0,18%",1,0,0,0,"0,04%",4,"0,14%"
18/03/2026,3062,10,"0,33%",2,0,1,0,"0,07%",8,"0,26%"
19/03/2026,3003,6,"0,20%",0,0,0,1,"0,00%",6,"0,20%"
20/03/2026,2692,2,"0,07%",0,0,0,0,"0,00%",2,"0,07%"
21/03/2026,235,2,"0,85%",2,0,0,0,"0,85%",0,"0,00%"
22/03/2026,126,0,"0,00%",0,0,0,0,"0,00%",0,"0,00%"
23/03/2026,3238,7,"0,22%",1,0,0,0,"0,03%",6,"0,19%"
24/03/2026,3039,7,"0,23%",0,1,0,0,"0,00%",7,"0,23%"
25/03/2026,3080,15,"0,49%",4,2,0,0,"0,13%",11,"0,36%"
26/03/2026,2952,7,"0,24%",1,1,0,0,"0,03%",6,"0,20%"
27/03/2026,2754,5,"0,18%",1,0,0,0,"0,04%",4,"0,15%"
28/03/2026,209,0,"0,00%",0,0,0,0,"0,00%",0,"0,00%"
29/03/2026,126,1,"0,79%",0,0,0,0,"0,00%",1,"0,79%"
30/03/2026,3162,8,"0,25%",1,2,0,0,"0,03%",7,"0,22%"
31/03/2026,3242,6,"0,19%",1,2,0,0,"0,03%",5,"0,15%"
01/04/2026,3200,13,"0,41%",4,0,0,0,"0,13%",9,"0,28%"
02/04/2026,3683,10,"0,27%",1,0,0,0,"0,03%",9,"0,24%"
03/04/2026,281,2,"0,71%",0,0,0,0,"0,00%",2,"0,71%"
04/04/2026,371,3,"0,81%",1,0,0,0,"0,27%",2,"0,54%"
05/04/2026,380,2,"0,53%",0,0,0,0,"0,00%",2,"0,53%"
06/04/2026,4447,21,"0,47%",0,1,0,1,"0,00%",21,"0,47%"
07/04/2026,3830,15,"0,39%",1,2,0,1,"0,03%",14,"0,37%"
08/04/2026,2994,13,"0,43%",2,1,0,0,"0,07%",11,"0,37%"
09/04/2026,3425,5,"0,15%",0,1,0,1,"0,00%",5,"0,15%"
10/04/2026,2925,6,"0,21%",2,0,0,0,"0,07%",4,"0,14%"
11/04/2026,192,4,"2,08%",0,1,0,0,"0,00%",4,"2,08%"
12/04/2026,94,0,"0,00%",0,0,0,0,"0,00%",0,"0,00%"
13/04/2026,3063,9,"0,29%",0,1,0,0,"0,00%",9,"0,29%"
14/04/2026,3271,7,"0,21%",0,0,0,1,"0,00%",7,"0,21%"
15/04/2026,2043,6,"0,29%",0,0,0,0,"0,00%",6,"0,29%"
16/04/2026,2356,9,"0,38%",2,1,1,0,"0,08%",7,"0,30%"
17/04/2026,1729,5,"0,29%",2,0,0,0,"0,12%",3,"0,17%"
18/04/2026,302,0,"0,00%",0,0,0,0,"0,00%",0,"0,00%"
19/04/2026,178,0,"0,00%",0,0,0,0,"0,00%",0,"0,00%"
20/04/2026,1837,7,"0,38%",2,0,0,0,"0,11%",5,"0,27%"
21/04/2026,398,1,"0,25%",0,0,0,0,"0,00%",1,"0,25%"
22/04/2026,2055,4,"0,19%",1,0,1,0,"0,05%",3,"0,15%"
23/04/2026,1962,10,"0,51%",4,0,0,0,"0,20%",6,"0,31%"
24/04/2026,1613,6,"0,37%",1,1,0,0,"0,06%",5,"0,31%"
25/04/2026,195,0,"0,00%",0,0,0,0,"0,00%",0,"0,00%"
26/04/2026,198,1,"0,51%",0,0,0,0,"0,00%",1,"0,51%"
27/04/2026,1858,6,"0,32%",3,2,0,0,"0,16%",3,"0,16%"
28/04/2026,1812,7,"0,39%",2,1,0,1,"0,11%",5,"0,28%"
29/04/2026,1794,10,"0,56%",0,0,0,0,"0,00%",10,"0,56%"
30/04/2026,1858,4,"0,22%",1,0,0,0,"0,05%",3,"0,16%"
01/05/2026,214,0,"0,00%",0,0,0,0,"0,00%",0,"0,00%"
02/05/2026,244,1,"0,41%",1,0,0,0,"0,41%",0,"0,00%"
03/05/2026,131,0,"0,00%",0,0,0,0,"0,00%",0,"0,00%"
04/05/2026,3185,9,"0,28%",3,2,0,0,"0,09%",6,"0,19%"
05/05/2026,3631,14,"0,39%",5,0,0,0,"0,14%",9,"0,25%"
06/05/2026,3540,12,"0,34%",2,2,1,0,"0,06%",10,"0,28%"
07/05/2026,3416,12,"0,35%",4,2,0,0,"0,12%",8,"0,23%"
08/05/2026,2784,6,"0,22%",0,1,0,0,"0,00%",6,"0,22%"
09/05/2026,223,1,"0,45%",1,0,0,0,"0,45%",0,"0,00%"
10/05/2026,106,2,"1,89%",0,0,0,0,"0,00%",2,"1,89%"
11/05/2026,3271,6,"0,18%",2,1,0,1,"0,06%",4,"0,12%"
12/05/2026,3210,5,"0,16%",1,0,0,0,"0,03%",4,"0,12%"
13/05/2026,3099,8,"0,26%",2,3,1,0,"0,06%",6,"0,19%"
14/05/2026,2812,4,"0,14%",2,0,1,0,"0,07%",2,"0,07%"
15/05/2026,2564,4,"0,16%",0,2,0,0,"0,00%",4,"0,16%"
16/05/2026,198,1,"0,51%",0,0,0,0,"0,00%",1,"0,51%"
17/05/2026,147,0,"0,00%",0,0,0,0,"0,00%",0,"0,00%"
18/05/2026,3106,9,"0,29%",3,0,0,0,"0,10%",6,"0,19%"
19/05/2026,3081,5,"0,16%",3,0,0,0,"0,10%",2,"0,06%"
20/05/2026,2627,5,"0,19%",2,0,0,0,"0,08%",3,"0,11%"
21/05/2026,2884,3,"0,10%",1,0,0,0,"0,03%",2,"0,07%"
22/05/2026,2246,6,"0,27%",0,0,0,0,"0,00%",6,"0,27%"
23/05/2026,191,1,"0,52%",0,0,0,0,"0,00%",1,"0,52%"
24/05/2026,161,0,"0,00%",0,0,0,0,"0,00%",0,"0,00%"
25/05/2026,4094,8,"0,20%",0,3,0,1,"0,00%",8,"0,20%"
26/05/2026,3221,11,"0,34%",2,1,2,1,"0,06%",9,"0,28%"
27/05/2026,2789,10,"0,36%",3,1,1,0,"0,11%",7,"0,25%"
28/05/2026,2975,4,"0,13%",0,1,0,0,"0,00%",4,"0,13%"
29/05/2026,2325,5,"0,22%",0,1,0,0,"0,00%",5,"0,22%"
30/05/2026,247,0,"0,00%",0,0,0,0,"0,00%",0,"0,00%"
31/05/2026,121,0,"0,00%",0,0,0,0,"0,00%",0,"0,00%"
01/06/2026,2964,8,"0,27%",0,1,1,0,"0,00%",8,"0,27%"
02/06/2026,3981,10,"0,25%",3,0,0,0,"0,08%",7,"0,18%"
03/06/2026,2991,7,"0,23%",2,0,0,0,"0,07%",5,"0,17%"
04/06/2026,385,4,"1,04%",0,0,0,0,"0,00%",4,"1,04%"
05/06/2026,2774,8,"0,29%",0,0,0,0,"0,00%",8,"0,29%"
06/06/2026,349,3,"0,86%",0,0,0,0,"0,00%",3,"0,86%"
07/06/2026,147,1,"0,68%",0,0,0,0,"0,00%",1,"0,68%"
08/06/2026,3549,8,"0,23%",1,0,0,1,"0,03%",7,"0,20%"
09/06/2026,3105,9,"0,29%",0,0,0,1,"0,00%",9,"0,29%"
10/06/2026,3079,3,"0,10%",3,0,0,0,"0,10%",0,"0,00%"
11/06/2026,2632,4,"0,15%",1,0,0,0,"0,04%",3,"0,11%"
12/06/2026,2274,2,"0,09%",0,0,0,0,"0,00%",2,"0,09%"
13/06/2026,155,0,"0,00%",0,0,0,0,"0,00%",0,"0,00%"
14/06/2026,102,0,"0,00%",0,0,0,0,"0,00%",0,"0,00%"
15/06/2026,4811,52,"1,08%",3,0,0,0,"0,06%",49,"1,02%"
16/06/2026,4280,16,"0,37%",1,0,1,0,"0,02%",15,"0,35%"
17/06/2026,3463,8,"0,23%",2,1,0,1,"0,06%",6,"0,17%"
18/06/2026,2865,3,"0,10%",0,0,0,0,"0,00%",3,"0,10%"
19/06/2026,2357,1,"0,04%",0,1,0,0,"0,00%",1,"0,04%"
20/06/2026,164,1,"0,61%",0,0,0,0,"0,00%",1,"0,61%"
21/06/2026,88,2,"2,27%",0,0,0,0,"0,00%",2,"2,27%"
22/06/2026,3074,2,"0,07%",0,0,0,0,"0,00%",2,"0,07%"
23/06/2026,3255,2,"0,06%",0,0,0,1,"0,00%",2,"0,06%"
24/06/2026,3376,5,"0,15%",0,0,0,2,"0,00%",5,"0,15%"
25/06/2026,2830,6,"0,21%",1,0,0,0,"0,04%",5,"0,18%"
26/06/2026,2823,7,"0,25%",2,2,0,1,"0,07%",5,"0,18%"
27/06/2026,165,1,"0,61%",0,1,0,0,"0,00%",1,"0,61%"
28/06/2026,122,0,"0,00%",0,0,0,0,"0,00%",0,"0,00%"
29/06/2026,1907,2,"0,10%",0,2,0,0,"0,00%",2,"0,10%"
30/06/2026,3107,3,"0,10%",0,1,0,0,"0,00%",3,"0,10%"
01/07/2026,3316,7,"0,21%",0,1,0,0,"0,00%",7,"0,21%"
02/07/2026,3090,6,"0,19%",1,0,1,0,"0,03%",5,"0,16%"
03/07/2026,2968,8,"0,27%",2,1,0,1,"0,07%",6,"0,20%"
04/07/2026,200,4,"2,00%",0,0,0,0,"0,00%",4,"2,00%"
05/07/2026,114,0,"0,00%",0,0,0,0,"0,00%",0,"0,00%"
06/07/2026,3280,5,"0,15%",0,0,0,0,"0,00%",5,"0,15%"
07/07/2026,2814,3,"0,11%",1,1,0,0,"0,04%",2,"0,07%"
08/07/2026,2739,6,"0,22%",5,0,0,1,"0,18%",1,"0,04%"
09/07/2026,1926,5,"0,26%",3,1,1,0,"0,16%",2,"0,10%"
10/07/2026,2960,9,"0,30%",6,1,1,1,"0,20%",3,"0,10%"
11/07/2026,149,3,"2,01%",2,0,0,0,"1,34%",1,"0,67%"
12/07/2026,109,1,"0,92%",1,0,0,0,"0,92%",0,"0,00%"
13/07/2026,3560,7,"0,20%",7,0,0,0,"0,20%",0,"0,00%"
14/07/2026,2604,6,"0,23%",6,0,0,0,"0,23%",0,"0,00%"
15/07/2026,2642,5,"0,19%",2,0,2,1,"0,08%",3,"0,11%"
16/07/2026,2542,5,"0,20%",5,0,0,0,"0,20%",0,"0,00%"
17/07/2026,2304,5,"0,22%",3,1,0,1,"0,13%",2,"0,09%"
18/07/2026,114,0,"0,00%",0,0,0,0,"0,00%",0,"0,00%"
19/07/2026,71,0,"0,00%",0,0,0,0,"0,00%",0,"0,00%"
20/07/2026,2846,6,"0,21%",5,0,0,1,"0,18%",1,"0,04%"
21/07/2026,2498,5,"0,20%",4,1,0,0,"0,16%",1,"0,04%"
22/07/2026,2578,9,"0,35%",7,1,1,0,"0,27%",2,"0,08%"
23/07/2026,2308,2,"0,09%",2,0,0,0,"0,09%",0,"0,00%"
24/07/2026,1968,1,"0,05%",1,0,0,0,"0,05%",0,"0,00%"
25/07/2026,113,1,"0,88%",1,0,0,0,"0,88%",0,"0,00%"
26/07/2026,107,0,"0,00%",0,0,0,0,"0,00%",0,"0,00%"
27/07/2026,2416,2,"0,08%",2,0,0,0,"0,08%",0,"0,00%"
28/07/2026,2344,3,"0,13%",2,1,0,0,"0,09%",1,"0,04%"
29/07/2026,1849,2,"0,11%",2,0,0,0,"0,11%",0,"0,00%"
30/07/2026,0,0,"0,00%",0,0,0,0,"0,00%",0,"0,00%"
31/07/2026,0,0,"0,00%",0,0,0,0,"0,00%",0,"0,00%"
01/08/2026,0,0,"0,00%",0,0,0,0,"0,00%",0,"0,00%"
02/08/2026,0,0,"0,00%",0,0,0,0,"0,00%",0,"0,00%"
03/08/2026,0,0,"0,00%",0,0,0,0,"0,00%",0,"0,00%"
04/08/2026,0,0,"0,00%",0,0,0,0,"0,00%",0,"0,00%"
05/08/2026,0,0,"0,00%",0,0,0,0,"0,00%",0,"0,00%"
06/08/2026,0,0,"0,00%",0,0,0,0,"0,00%",0,"0,00%"
07/08/2026,0,0,"0,00%",0,0,0,0,"0,00%",0,"0,00%"
08/08/2026,0,0,"0,00%",0,0,0,0,"0,00%",0,"0,00%"
09/08/2026,0,0,"0,00%",0,0,0,0,"0,00%",0,"0,00%"
10/08/2026,0,0,"0,00%",0,0,0,0,"0,00%",0,"0,00%"
11/08/2026,0,0,"0,00%",0,0,0,0,"0,00%",0,"0,00%"
12/08/2026,0,0,"0,00%",0,0,0,0,"0,00%",0,"0,00%"
13/08/2026,0,0,"0,00%",0,0,0,0,"0,00%",0,"0,00%"
14/08/2026,0,0,"0,00%",0,0,0,0,"0,00%",0,"0,00%"
15/08/2026,0,0,"0,00%",0,0,0,0,"0,00%",0,"0,00%"
16/08/2026,0,0,"0,00%",0,0,0,0,"0,00%",0,"0,00%"
17/08/2026,0,0,"0,00%",0,0,0,0,"0,00%",0,"0,00%"
18/08/2026,0,0,"0,00%",0,0,0,0,"0,00%",0,"0,00%"
19/08/2026,0,0,"0,00%",0,0,0,0,"0,00%",0,"0,00%"
20/08/2026,0,0,"0,00%",0,0,0,0,"0,00%",0,"0,00%"
21/08/2026,0,0,"0,00%",0,0,0,0,"0,00%",0,"0,00%"
22/08/2026,0,0,"0,00%",0,0,0,0,"0,00%",0,"0,00%"
23/08/2026,0,0,"0,00%",0,0,0,0,"0,00%",0,"0,00%"
24/08/2026,0,0,"0,00%",0,0,0,0,"0,00%",0,"0,00%"
25/08/2026,0,0,"0,00%",0,0,0,0,"0,00%",0,"0,00%"
26/08/2026,0,0,"0,00%",0,0,0,0,"0,00%",0,"0,00%"
27/08/2026,0,0,"0,00%",0,0,0,0,"0,00%",0,"0,00%"
28/08/2026,0,0,"0,00%",0,0,0,0,"0,00%",0,"0,00%"
29/08/2026,0,0,"0,00%",0,0,0,0,"0,00%",0,"0,00%"
30/08/2026,0,0,"0,00%",0,0,0,0,"0,00%",0,"0,00%"
31/08/2026,0,0,"0,00%",0,0,0,0,"0,00%",0,"0,00%"
01/09/2026,0,0,"0,00%",0,0,0,0,"0,00%",0,"0,00%"
02/09/2026,0,0,"0,00%",0,0,0,0,"0,00%",0,"0,00%"
03/09/2026,0,0,"0,00%",0,0,0,0,"0,00%",0,"0,00%"
04/09/2026,0,0,"0,00%",0,0,0,0,"0,00%",0,"0,00%"
05/09/2026,0,0,"0,00%",0,0,0,0,"0,00%",0,"0,00%"
06/09/2026,0,0,"0,00%",0,0,0,0,"0,00%",0,"0,00%"
07/09/2026,0,0,"0,00%",0,0,0,0,"0,00%",0,"0,00%"
08/09/2026,0,0,"0,00%",0,0,0,0,"0,00%",0,"0,00%"
09/09/2026,0,0,"0,00%",0,0,0,0,"0,00%",0,"0,00%"
10/09/2026,0,0,"0,00%",0,0,0,0,"0,00%",0,"0,00%"
11/09/2026,0,0,"0,00%",0,0,0,0,"0,00%",0,"0,00%"
12/09/2026,0,0,"0,00%",0,0,0,0,"0,00%",0,"0,00%"
13/09/2026,0,0,"0,00%",0,0,0,0,"0,00%",0,"0,00%"
14/09/2026,0,0,"0,00%",0,0,0,0,"0,00%",0,"0,00%"
15/09/2026,0,0,"0,00%",0,0,0,0,"0,00%",0,"0,00%"
16/09/2026,0,0,"0,00%",0,0,0,0,"0,00%",0,"0,00%"
17/09/2026,0,0,"0,00%",0,0,0,0,"0,00%",0,"0,00%"
18/09/2026,0,0,"0,00%",0,0,0,0,"0,00%",0,"0,00%"
19/09/2026,0,0,"0,00%",0,0,0,0,"0,00%",0,"0,00%"
20/09/2026,0,0,"0,00%",0,0,0,0,"0,00%",0,"0,00%"
21/09/2026,0,0,"0,00%",0,0,0,0,"0,00%",0,"0,00%"
22/09/2026,0,0,"0,00%",0,0,0,0,"0,00%",0,"0,00%"
23/09/2026,0,0,"0,00%",0,0,0,0,"0,00%",0,"0,00%"
24/09/2026,0,0,"0,00%",0,0,0,0,"0,00%",0,"0,00%"
25/09/2026,0,0,"0,00%",0,0,0,0,"0,00%",0,"0,00%"
26/09/2026,0,0,"0,00%",0,0,0,0,"0,00%",0,"0,00%"
27/09/2026,0,0,"0,00%",0,0,0,0,"0,00%",0,"0,00%"
28/09/2026,0,0,"0,00%",0,0,0,0,"0,00%",0,"0,00%"
29/09/2026,0,0,"0,00%",0,0,0,0,"0,00%",0,"0,00%"
30/09/2026,0,0,"0,00%",0,0,0,0,"0,00%",0,"0,00%"
01/10/2026,0,0,"0,00%",0,0,0,0,"0,00%",0,"0,00%"
02/10/2026,0,0,"0,00%",0,0,0,0,"0,00%",0,"0,00%"
03/10/2026,0,0,"0,00%",0,0,0,0,"0,00%",0,"0,00%"
04/10/2026,0,0,"0,00%",0,0,0,0,"0,00%",0,"0,00%"
05/10/2026,0,0,"0,00%",0,0,0,0,"0,00%",0,"0,00%"
06/10/2026,0,0,"0,00%",0,0,0,0,"0,00%",0,"0,00%"
07/10/2026,0,0,"0,00%",0,0,0,0,"0,00%",0,"0,00%"
08/10/2026,0,0,"0,00%",0,0,0,0,"0,00%",0,"0,00%"
09/10/2026,0,0,"0,00%",0,0,0,0,"0,00%",0,"0,00%"
10/10/2026,0,0,"0,00%",0,0,0,0,"0,00%",0,"0,00%"
11/10/2026,0,0,"0,00%",0,0,0,0,"0,00%",0,"0,00%"
12/10/2026,0,0,"0,00%",0,0,0,0,"0,00%",0,"0,00%"
13/10/2026,0,0,"0,00%",0,0,0,0,"0,00%",0,"0,00%"
14/10/2026,0,0,"0,00%",0,0,0,0,"0,00%",0,"0,00%"
15/10/2026,0,0,"0,00%",0,0,0,0,"0,00%",0,"0,00%"
16/10/2026,0,0,"0,00%",0,0,0,0,"0,00%",0,"0,00%"
17/10/2026,0,0,"0,00%",0,0,0,0,"0,00%",0,"0,00%"
18/10/2026,0,0,"0,00%",0,0,0,0,"0,00%",0,"0,00%"
19/10/2026,0,0,"0,00%",0,0,0,0,"0,00%",0,"0,00%"
20/10/2026,0,0,"0,00%",0,0,0,0,"0,00%",0,"0,00%"
21/10/2026,0,0,"0,00%",0,0,0,0,"0,00%",0,"0,00%"
22/10/2026,0,0,"0,00%",0,0,0,0,"0,00%",0,"0,00%"
23/10/2026,0,0,"0,00%",0,0,0,0,"0,00%",0,"0,00%"
24/10/2026,0,0,"0,00%",0,0,0,0,"0,00%",0,"0,00%"
25/10/2026,0,0,"0,00%",0,0,0,0,"0,00%",0,"0,00%"
26/10/2026,0,0,"0,00%",0,0,0,0,"0,00%",0,"0,00%"
27/10/2026,0,0,"0,00%",0,0,0,0,"0,00%",0,"0,00%"
28/10/2026,0,0,"0,00%",0,0,0,0,"0,00%",0,"0,00%"
29/10/2026,0,0,"0,00%",0,0,0,0,"0,00%",0,"0,00%"
30/10/2026,0,0,"0,00%",0,0,0,0,"0,00%",0,"0,00%"
31/10/2026,0,0,"0,00%",0,0,0,0,"0,00%",0,"0,00%"
01/11/2026,0,0,"0,00%",0,0,0,0,"0,00%",0,"0,00%"
02/11/2026,0,0,"0,00%",0,0,0,0,"0,00%",0,"0,00%"
03/11/2026,0,0,"0,00%",0,0,0,0,"0,00%",0,"0,00%"
04/11/2026,0,0,"0,00%",0,0,0,0,"0,00%",0,"0,00%"
05/11/2026,0,0,"0,00%",0,0,0,0,"0,00%",0,"0,00%"
06/11/2026,0,0,"0,00%",0,0,0,0,"0,00%",0,"0,00%"
07/11/2026,0,0,"0,00%",0,0,0,0,"0,00%",0,"0,00%"
08/11/2026,0,0,"0,00%",0,0,0,0,"0,00%",0,"0,00%"
09/11/2026,0,0,"0,00%",0,0,0,0,"0,00%",0,"0,00%"
10/11/2026,0,0,"0,00%",0,0,0,0,"0,00%",0,"0,00%"
11/11/2026,0,0,"0,00%",0,0,0,0,"0,00%",0,"0,00%"
12/11/2026,0,0,"0,00%",0,0,0,0,"0,00%",0,"0,00%"
13/11/2026,0,0,"0,00%",0,0,0,0,"0,00%",0,"0,00%"
14/11/2026,0,0,"0,00%",0,0,0,0,"0,00%",0,"0,00%"
15/11/2026,0,0,"0,00%",0,0,0,0,"0,00%",0,"0,00%"
16/11/2026,0,0,"0,00%",0,0,0,0,"0,00%",0,"0,00%"
17/11/2026,0,0,"0,00%",0,0,0,0,"0,00%",0,"0,00%"
18/11/2026,0,0,"0,00%",0,0,0,0,"0,00%",0,"0,00%"
19/11/2026,0,0,"0,00%",0,0,0,0,"0,00%",0,"0,00%"
20/11/2026,0,0,"0,00%",0,0,0,0,"0,00%",0,"0,00%"
21/11/2026,0,0,"0,00%",0,0,0,0,"0,00%",0,"0,00%"
22/11/2026,0,0,"0,00%",0,0,0,0,"0,00%",0,"0,00%"
23/11/2026,0,0,"0,00%",0,0,0,0,"0,00%",0,"0,00%"
24/11/2026,0,0,"0,00%",0,0,0,0,"0,00%",0,"0,00%"
25/11/2026,0,0,"0,00%",0,0,0,0,"0,00%",0,"0,00%"
26/11/2026,0,0,"0,00%",0,0,0,0,"0,00%",0,"0,00%"
27/11/2026,0,0,"0,00%",0,0,0,0,"0,00%",0,"0,00%"
28/11/2026,0,0,"0,00%",0,0,0,0,"0,00%",0,"0,00%"
29/11/2026,0,0,"0,00%",0,0,0,0,"0,00%",0,"0,00%"
30/11/2026,0,0,"0,00%",0,0,0,0,"0,00%",0,"0,00%"
01/12/2026,0,0,"0,00%",0,0,0,0,"0,00%",0,"0,00%"
02/12/2026,0,0,"0,00%",0,0,0,0,"0,00%",0,"0,00%"
03/12/2026,0,0,"0,00%",0,0,0,0,"0,00%",0,"0,00%"
04/12/2026,0,0,"0,00%",0,0,0,0,"0,00%",0,"0,00%"
05/12/2026,0,0,"0,00%",0,0,0,0,"0,00%",0,"0,00%"
06/12/2026,0,0,"0,00%",0,0,0,0,"0,00%",0,"0,00%"
07/12/2026,0,0,"0,00%",0,0,0,0,"0,00%",0,"0,00%"
08/12/2026,0,0,"0,00%",0,0,0,0,"0,00%",0,"0,00%"
09/12/2026,0,0,"0,00%",0,0,0,0,"0,00%",0,"0,00%"
10/12/2026,0,0,"0,00%",0,0,0,0,"0,00%",0,"0,00%"
11/12/2026,0,0,"0,00%",0,0,0,0,"0,00%",0,"0,00%"
12/12/2026,0,0,"0,00%",0,0,0,0,"0,00%",0,"0,00%"
13/12/2026,0,0,"0,00%",0,0,0,0,"0,00%",0,"0,00%"
14/12/2026,0,0,"0,00%",0,0,0,0,"0,00%",0,"0,00%"
15/12/2026,0,0,"0,00%",0,0,0,0,"0,00%",0,"0,00%"
16/12/2026,0,0,"0,00%",0,0,0,0,"0,00%",0,"0,00%"
17/12/2026,0,0,"0,00%",0,0,0,0,"0,00%",0,"0,00%"
18/12/2026,0,0,"0,00%",0,0,0,0,"0,00%",0,"0,00%"
19/12/2026,0,0,"0,00%",0,0,0,0,"0,00%",0,"0,00%"
20/12/2026,0,0,"0,00%",0,0,0,0,"0,00%",0,"0,00%"
21/12/2026,0,0,"0,00%",0,0,0,0,"0,00%",0,"0,00%"
22/12/2026,0,0,"0,00%",0,0,0,0,"0,00%",0,"0,00%"
23/12/2026,0,0,"0,00%",0,0,0,0,"0,00%",0,"0,00%"
24/12/2026,0,0,"0,00%",0,0,0,0,"0,00%",0,"0,00%"
25/12/2026,0,0,"0,00%",0,0,0,0,"0,00%",0,"0,00%"
26/12/2026,0,0,"0,00%",0,0,0,0,"0,00%",0,"0,00%"
27/12/2026,0,0,"0,00%",0,0,0,0,"0,00%",0,"0,00%"
28/12/2026,0,0,"0,00%",0,0,0,0,"0,00%",0,"0,00%"
29/12/2026,0,0,"0,00%",0,0,0,0,"0,00%",0,"0,00%"
30/12/2026,0,0,"0,00%",0,0,0,0,"0,00%",0,"0,00%"
31/12/2026,0,0,"0,00%",0,0,0,0,"0,00%",0,"0,00%"